origin_city,zone_id,zone_risk_score
Aachen,0,0.5276110194413344
Aalst,0,0.5276110194413344
Aba,0,0.5276110194413344
Abadan,4,0.23956608184802505
Abakaliki,4,0.23956608184802505
Abbeville,4,0.23956608184802505
Abbotsford,2,0.7247725093685911
Abeokuta,0,0.5276110194413344
Aberdeen,0,0.5276110194413344
Abha,4,0.23956608184802505
Abidjan,1,0.7908853534303033
Abreu e Lima,3,0.2057576413123365
Abu Kabir,5,0.7915588486542812
Acarigua,2,0.7247725093685911
Acayucan,0,0.5276110194413344
Accra,1,0.7908853534303033
Acireale,0,0.5276110194413344
Acuña,0,0.5276110194413344
Acámbaro,1,0.7908853534303033
Ad Diwaniyah,0,0.5276110194413344
Ad Diwem,4,0.23956608184802505
Adana,1,0.7908853534303033
Adelaide,0,0.5276110194413344
Adiyaman,5,0.7915588486542812
Aew?l-li,1,0.7908853534303033
Afragola,0,0.5276110194413344
Afyon,5,0.7915588486542812
Agadir,0,0.5276110194413344
Agde,5,0.7915588486542812
Agra,0,0.5276110194413344
Agrigento,5,0.7915588486542812
Ahvaz,3,0.2057576413123365
Ain Oussera,2,0.7247725093685911
Aix-en-Provence,0,0.5276110194413344
Ajaccio,5,0.7915588486542812
Ajman,2,0.7247725093685911
Ajmer,0,0.5276110194413344
Akola,0,0.5276110194413344
Akron,0,0.5276110194413344
Aksaray,3,0.2057576413123365
Aksu,4,0.23956608184802505
Akure,2,0.7247725093685911
Al Amarah,3,0.2057576413123365
Al Hillah,1,0.7908853534303033
Al Hudayda,5,0.7915588486542812
Al Hufuf,5,0.7915588486542812
Al Khums,4,0.23956608184802505
Al Mahallah al Kubra,1,0.7908853534303033
Al Mubarraz,3,0.2057576413123365
Alanya,4,0.23956608184802505
Albacete,0,0.5276110194413344
Albany,3,0.2057576413123365
Albertville,1,0.7908853534303033
Albi,2,0.7247725093685911
Albuquerque,0,0.5276110194413344
Albury,1,0.7908853534303033
Alcobendas,4,0.23956608184802505
Alessandria,1,0.7908853534303033
Alexandria,0,0.5276110194413344
Alfortville,1,0.7908853534303033
Algiers,0,0.5276110194413344
Alicante,4,0.23956608184802505
Alice Springs,0,0.5276110194413344
Aligarh,0,0.5276110194413344
Aligudarz,3,0.2057576413123365
Alkmaar,4,0.23956608184802505
Allahabad,1,0.7908853534303033
Allen,1,0.7908853534303033
Allentown,0,0.5276110194413344
Almaty,1,0.7908853534303033
Almelo,0,0.5276110194413344
Alphen aan den Rijn,0,0.5276110194413344
Altamira,0,0.5276110194413344
Altamura,0,0.5276110194413344
Amadora,0,0.5276110194413344
Amarillo,1,0.7908853534303033
Amasya,1,0.7908853534303033
Amatitlán,0,0.5276110194413344
Ambattur,3,0.2057576413123365
Amberes,0,0.5276110194413344
Ambon,1,0.7908853534303033
Americana,4,0.23956608184802505
Amersfoort,2,0.7247725093685911
Amiens,0,0.5276110194413344
Amman,0,0.5276110194413344
Amol,1,0.7908853534303033
Amravati,0,0.5276110194413344
Amritsar,0,0.5276110194413344
Amstelveen,0,0.5276110194413344
Amsterdam,0,0.5276110194413344
An Nasiriyah,0,0.5276110194413344
Anaheim,0,0.5276110194413344
Ananindeua,1,0.7908853534303033
Anantapur,3,0.2057576413123365
Ancona,3,0.2057576413123365
Andijon,1,0.7908853534303033
Andover,5,0.7915588486542812
Andria,2,0.7247725093685911
Angarsk,1,0.7908853534303033
Angeles City,3,0.2057576413123365
Angers,0,0.5276110194413344
Ankara,0,0.5276110194413344
Ann Arbor,3,0.2057576413123365
Annaba,0,0.5276110194413344
Annecy,0,0.5276110194413344
Annemasse,2,0.7247725093685911
Annonay,1,0.7908853534303033
Anqing,0,0.5276110194413344
Anshan,0,0.5276110194413344
Anshun,5,0.7915588486542812
Antalya,0,0.5276110194413344
Antananarivo,0,0.5276110194413344
Antibes,4,0.23956608184802505
Antiguo Cuscatlán,0,0.5276110194413344
Antipolo,0,0.5276110194413344
Antofagasta,0,0.5276110194413344
Antony,5,0.7915588486542812
Antsiranana,3,0.2057576413123365
Anyang,5,0.7915588486542812
Anápolis,5,0.7915588486542812
Aoba-ku,5,0.7915588486542812
Apatzingán de la Constitución,5,0.7915588486542812
Apeldoorn,0,0.5276110194413344
Apodaca,0,0.5276110194413344
Apopa,0,0.5276110194413344
Apopka,2,0.7247725093685911
Apple Valley,1,0.7908853534303033
Appleton,5,0.7915588486542812
Aprilia,0,0.5276110194413344
Apucarana,4,0.23956608184802505
Aracaju,0,0.5276110194413344
Araguaína,0,0.5276110194413344
Arak,0,0.5276110194413344
Arapiraca,3,0.2057576413123365
Arapongas,5,0.7915588486542812
Araranguá,1,0.7908853534303033
Araraquara,3,0.2057576413123365
Arauca,3,0.2057576413123365
Araucária,1,0.7908853534303033
Araçatuba,3,0.2057576413123365
Arbil,0,0.5276110194413344
Arcoverde,4,0.23956608184802505
Ardahan,4,0.23956608184802505
Ardebil,0,0.5276110194413344
Arequipa,4,0.23956608184802505
Arezzo,0,0.5276110194413344
Argenteuil,0,0.5276110194413344
Arica,0,0.5276110194413344
Ariquemes,5,0.7915588486542812
Arkhangelsk,0,0.5276110194413344
Arles,3,0.2057576413123365
Arlington,0,0.5276110194413344
Arlington Heights,3,0.2057576413123365
Armenia,3,0.2057576413123365
Armidale,0,0.5276110194413344
Arnhem,5,0.7915588486542812
Arnsberg,2,0.7247725093685911
Arraiján,0,0.5276110194413344
Arras,4,0.23956608184802505
Artemisa,5,0.7915588486542812
Arusha,0,0.5276110194413344
Arvada,4,0.23956608184802505
Arzgir,3,0.2057576413123365
Asahikawa,4,0.23956608184802505
Asansol,3,0.2057576413123365
Aschaffenburg,5,0.7915588486542812
Ashdod,0,0.5276110194413344
Asheville,3,0.2057576413123365
Ashford,3,0.2057576413123365
Asiut,4,0.23956608184802505
Asjabad,1,0.7908853534303033
Assen,5,0.7915588486542812
Astaná,0,0.5276110194413344
Astracán,2,0.7247725093685911
Asunción,4,0.23956608184802505
Aswan,5,0.7915588486542812
Atakpame,2,0.7247725093685911
Athens,0,0.5276110194413344
Athis-Mons,4,0.23956608184802505
Atlanta,0,0.5276110194413344
Atlixco,4,0.23956608184802505
Atsugacho,2,0.7247725093685911
Aubervilliers,1,0.7908853534303033
Auburn,1,0.7908853534303033
Auch,5,0.7915588486542812
Auckland,0,0.5276110194413344
Augsburg,0,0.5276110194413344
Aulnay-sous-Bois,0,0.5276110194413344
Aurangabad,5,0.7915588486542812
Aurora,1,0.7908853534303033
Austin,0,0.5276110194413344
Auxerre,5,0.7915588486542812
Avadi,4,0.23956608184802505
Avellaneda,3,0.2057576413123365
Avellino,4,0.23956608184802505
Avignon,0,0.5276110194413344
Avion,2,0.7247725093685911
Avon,4,0.23956608184802505
Avondale,0,0.5276110194413344
Ayacucho,0,0.5276110194413344
Aydin,5,0.7915588486542812
Aylesbury,0,0.5276110194413344
Azcapotzalco,0,0.5276110194413344
Açu,0,0.5276110194413344
Babol,5,0.7915588486542812
Bacau,0,0.5276110194413344
Bacolod City,0,0.5276110194413344
Bacoor,5,0.7915588486542812
Badajoz,2,0.7247725093685911
Badalona,0,0.5276110194413344
Baden-Baden,5,0.7915588486542812
Bafoussam,0,0.5276110194413344
Bagamoyo,5,0.7915588486542812
Bagcilar,0,0.5276110194413344
Bagdad,0,0.5276110194413344
Bagneux,0,0.5276110194413344
Bagnolet,1,0.7908853534303033
Baguio City,0,0.5276110194413344
Bagé,1,0.7908853534303033
Bahawalpur,1,0.7908853534303033
Bahía Blanca,2,0.7247725093685911
Baia Mare,3,0.2057576413123365
Bajos de Haina,0,0.5276110194413344
Bakersfield,1,0.7908853534303033
Baku,0,0.5276110194413344
Balikesir,5,0.7915588486542812
Balikpapan,0,0.5276110194413344
Ballarat,1,0.7908853534303033
Balneário Camboriú,0,0.5276110194413344
Balti,5,0.7915588486542812
Baltimore,0,0.5276110194413344
Bamako,0,0.5276110194413344
Bamberg,0,0.5276110194413344
Bamenda,0,0.5276110194413344
Banda Aceh,2,0.7247725093685911
Bandar Abbas,0,0.5276110194413344
Bandar-e Anzali,1,0.7908853534303033
Bandirma,1,0.7908853534303033
Bandundu,0,0.5276110194413344
Bandung,0,0.5276110194413344
Bangalore,0,0.5276110194413344
Bangkok,0,0.5276110194413344
Bangor,5,0.7915588486542812
Bangui,2,0.7247725093685911
Banjarmasin,5,0.7915588486542812
Banska Bystrica,5,0.7915588486542812
Baní,0,0.5276110194413344
Baoding,1,0.7908853534303033
Baotou,0,0.5276110194413344
Baqubah,4,0.23956608184802505
Bar-le-Duc,4,0.23956608184802505
Barakaldo,4,0.23956608184802505
Baraki,5,0.7915588486542812
Barbacena,3,0.2057576413123365
Barcelona,0,0.5276110194413344
Barddhaman,0,0.5276110194413344
Bareilly,5,0.7915588486542812
Bari,1,0.7908853534303033
Barnsley,1,0.7908853534303033
Barquisimeto,0,0.5276110194413344
Barra Mansa,0,0.5276110194413344
Barra do Piraí,1,0.7908853534303033
Barranca,0,0.5276110194413344
Barranquilla,0,0.5276110194413344
Barreiras,5,0.7915588486542812
Barreirinhas,1,0.7908853534303033
Barretos,1,0.7908853534303033
Barueri,0,0.5276110194413344
Basel,0,0.5276110194413344
Basildon,3,0.2057576413123365
Basingstoke,1,0.7908853534303033
Basra,0,0.5276110194413344
Bastia,4,0.23956608184802505
Bath,4,0.23956608184802505
Batman,1,0.7908853534303033
Batna,1,0.7908853534303033
Battipaglia,0,0.5276110194413344
Bauchi,0,0.5276110194413344
Bayamo,0,0.5276110194413344
Bayeux,0,0.5276110194413344
Bayonne,0,0.5276110194413344
Bayreuth,1,0.7908853534303033
Be'er Sheva,3,0.2057576413123365
Beaumont,3,0.2057576413123365
Beaune,3,0.2057576413123365
Beauvais,0,0.5276110194413344
Bebington,0,0.5276110194413344
Bedford,0,0.5276110194413344
Behbahan,5,0.7915588486542812
Beira,0,0.5276110194413344
Beirut,0,0.5276110194413344
Bekasi,0,0.5276110194413344
Belfort,0,0.5276110194413344
Belgaum,3,0.2057576413123365
Bellary,2,0.7247725093685911
Belleville,1,0.7908853534303033
Bellevue,5,0.7915588486542812
Bello,5,0.7915588486542812
Belo Horizonte,0,0.5276110194413344
Bendigo,0,0.5276110194413344
Bene Beraq,1,0.7908853534303033
Benevento,5,0.7915588486542812
Bengbu,5,0.7915588486542812
Benghazi,0,0.5276110194413344
Bengkulu,0,0.5276110194413344
Benguela,0,0.5276110194413344
Beni Mellal,4,0.23956608184802505
Beni Suef,0,0.5276110194413344
Benidorm,0,0.5276110194413344
Benin City,0,0.5276110194413344
Bento Gonçalves,1,0.7908853534303033
Berck,3,0.2057576413123365
Berdyans'k,0,0.5276110194413344
Berdychiv,5,0.7915588486542812
Bergamo,0,0.5276110194413344
Bergen,0,0.5276110194413344
Bergen op Zoom,5,0.7915588486542812
Bergheim,2,0.7247725093685911
Bergisch Gladbach,2,0.7247725093685911
Berlín,0,0.5276110194413344
Berne,4,0.23956608184802505
Bertoua,3,0.2057576413123365
Bethlehem,5,0.7915588486542812
Betim,0,0.5276110194413344
Beykoz,1,0.7908853534303033
Bezerros,1,0.7908853534303033
Bezons,5,0.7915588486542812
Bhatinda,4,0.23956608184802505
Bhatpara,0,0.5276110194413344
Bhavnagar,3,0.2057576413123365
Bhilai,1,0.7908853534303033
Bhilwara,5,0.7915588486542812
Bhiwandi,0,0.5276110194413344
Bhopal,4,0.23956608184802505
Bhubaneswar,4,0.23956608184802505
Bialystok,5,0.7915588486542812
Biarritz,1,0.7908853534303033
Bideford,2,0.7247725093685911
Bielefeld,0,0.5276110194413344
Bielsko-Biala,5,0.7915588486542812
Bihar Sharif,0,0.5276110194413344
Bijapur,0,0.5276110194413344
Bijie,0,0.5276110194413344
Bikaner,0,0.5276110194413344
Bilaspur,0,0.5276110194413344
Bilbao,0,0.5276110194413344
Bilbeis,1,0.7908853534303033
Bingöl,1,0.7908853534303033
Binjai,0,0.5276110194413344
Binzhou,0,0.5276110194413344
Birigui,0,0.5276110194413344
Birjand,4,0.23956608184802505
Birkenhead,3,0.2057576413123365
Birmingham,0,0.5276110194413344
Bisceglie,2,0.7247725093685911
Bishkek,0,0.5276110194413344
Bisáu,1,0.7908853534303033
Blackburn,5,0.7915588486542812
Blackpool,5,0.7915588486542812
Blagoveshchensk,0,0.5276110194413344
Blanquefort,1,0.7908853534303033
Blenheim,0,0.5276110194413344
Bloemfontein,2,0.7247725093685911
Blois,0,0.5276110194413344
Bloomington,3,0.2057576413123365
Blumenau,0,0.5276110194413344
Bo,1,0.7908853534303033
Boa Esperança,0,0.5276110194413344
Boa Vista,1,0.7908853534303033
Bobigny,4,0.23956608184802505
Boca Raton,2,0.7247725093685911
Bochum,0,0.5276110194413344
Boghni,3,0.2057576413123365
Bognor Regis,0,0.5276110194413344
Bogor,0,0.5276110194413344
Bogotá,0,0.5276110194413344
Boise,5,0.7915588486542812
Bokaro,0,0.5276110194413344
Bolingbrook,5,0.7915588486542812
Bologna,5,0.7915588486542812
Bolton,0,0.5276110194413344
Bolu,2,0.7247725093685911
Bolzano,1,0.7908853534303033
Bolívar,3,0.2057576413123365
Bom Jesus da Lapa,0,0.5276110194413344
Bonao,5,0.7915588486542812
Bondy,0,0.5276110194413344
Bonn,0,0.5276110194413344
Bonneuil-sur-Marne,1,0.7908853534303033
Borazjan,2,0.7247725093685911
Bordeaux,0,0.5276110194413344
Bornova,0,0.5276110194413344
Borujerd,0,0.5276110194413344
Boscoreale,5,0.7915588486542812
Bossier City,0,0.5276110194413344
Botosani,0,0.5276110194413344
Bottrop,0,0.5276110194413344
Bouake,3,0.2057576413123365
Boulogne-Billancourt,0,0.5276110194413344
Boulogne-sur-Mer,0,0.5276110194413344
Bourg-en-Bresse,3,0.2057576413123365
Bourges,5,0.7915588486542812
Bournemouth,0,0.5276110194413344
Bowling Green,0,0.5276110194413344
Boynton Beach,3,0.2057576413123365
Bozeman,1,0.7908853534303033
Bra?ov,0,0.5276110194413344
Bracknell,1,0.7908853534303033
Bradford,0,0.5276110194413344
Bragança Paulista,1,0.7908853534303033
Brahmapur,0,0.5276110194413344
Braila,2,0.7247725093685911
Brampton,2,0.7247725093685911
Brandenburgo,1,0.7908853534303033
Brasília,0,0.5276110194413344
Breda,0,0.5276110194413344
Bremen,0,0.5276110194413344
Bremerhaven,0,0.5276110194413344
Brentwood,0,0.5276110194413344
Brescia,0,0.5276110194413344
Bressuire,0,0.5276110194413344
Brest,0,0.5276110194413344
Briansk,4,0.23956608184802505
Bridgetown,0,0.5276110194413344
Brighton,0,0.5276110194413344
Brikama,1,0.7908853534303033
Brindisi,0,0.5276110194413344
Brisbane,0,0.5276110194413344
Bristol,0,0.5276110194413344
Brive-la-Gaillarde,4,0.23956608184802505
Broken Arrow,4,0.23956608184802505
Broken Hill,4,0.23956608184802505
Bron,0,0.5276110194413344
Broomfield,5,0.7915588486542812
Brownsville,1,0.7908853534303033
Bruges,4,0.23956608184802505
Brumado,0,0.5276110194413344
Bruselas,0,0.5276110194413344
Bry-sur-Marne,0,0.5276110194413344
Bryan,5,0.7915588486542812
Bucaramanga,0,0.5276110194413344
Bucheon,1,0.7908853534303033
Budapest,0,0.5276110194413344
Budënnovsk,0,0.5276110194413344
Buenos Aires,0,0.5276110194413344
Buffalo,2,0.7247725093685911
Buffalo Grove,3,0.2057576413123365
Bugía,2,0.7247725093685911
Bukavu,5,0.7915588486542812
Bulawayo,0,0.5276110194413344
Bullhead City,3,0.2057576413123365
Bunbury,0,0.5276110194413344
Bundaberg,0,0.5276110194413344
Bur Sudan,0,0.5276110194413344
Burbank,1,0.7908853534303033
Burgas,0,0.5276110194413344
Burgos,0,0.5276110194413344
Buriticupu,2,0.7247725093685911
Burlington,5,0.7915588486542812
Burnaby,4,0.23956608184802505
Burnie,1,0.7908853534303033
Burnley,0,0.5276110194413344
Bursa,0,0.5276110194413344
Bury,4,0.23956608184802505
Busan,0,0.5276110194413344
Busto Arsizio,5,0.7915588486542812
Butare,1,0.7908853534303033
Buyukcekmece,5,0.7915588486542812
Buzau,5,0.7915588486542812
Bytom,5,0.7915588486542812
Béchar,2,0.7247725093685911
Bélgorod,2,0.7247725093685911
Cabimas,1,0.7908853534303033
Cabo Frio,5,0.7915588486542812
Cabo de Santo Agostinho,0,0.5276110194413344
Cachan,4,0.23956608184802505
Cadereyta,1,0.7908853534303033
Caen,1,0.7908853534303033
Cagliari,0,0.5276110194413344
Cagnes-sur-Mer,0,0.5276110194413344
Cagua,0,0.5276110194413344
Cainta,0,0.5276110194413344
Cairns,1,0.7908853534303033
Cairo,0,0.5276110194413344
Cajamarca,0,0.5276110194413344
Cajazeiras,3,0.2057576413123365
Calabar,0,0.5276110194413344
Calabozo,1,0.7908853534303033
Calais,1,0.7908853534303033
Calama,4,0.23956608184802505
Calamba,2,0.7247725093685911
Caldwell,3,0.2057576413123365
Calgary,0,0.5276110194413344
Callao,0,0.5276110194413344
Caloocan,0,0.5276110194413344
Caloundra,0,0.5276110194413344
Caluire-et-Cuire,5,0.7915588486542812
Camagüey,0,0.5276110194413344
Camarillo,2,0.7247725093685911
Camaçari,0,0.5276110194413344
Cambridge,0,0.5276110194413344
Cambé,5,0.7915588486542812
Camocim,1,0.7908853534303033
Campeche,0,0.5276110194413344
Campina Grande,4,0.23956608184802505
Campo Grande,5,0.7915588486542812
Can Tho,0,0.5276110194413344
Canberra,0,0.5276110194413344
Cancún,0,0.5276110194413344
Cankaya,1,0.7908853534303033
Cannes,5,0.7915588486542812
Canoas,3,0.2057576413123365
Canton,4,0.23956608184802505
Capannori,1,0.7908853534303033
Cape Coast,3,0.2057576413123365
Cape Town,0,0.5276110194413344
Capelle aan den IJssel,4,0.23956608184802505
Capua,4,0.23956608184802505
Caracas,0,0.5276110194413344
Caraguatatuba,4,0.23956608184802505
Carcassonne,4,0.23956608184802505
Cardiff,0,0.5276110194413344
Carlisle,0,0.5276110194413344
Carlsbad,4,0.23956608184802505
Carol Stream,1,0.7908853534303033
Carpentras,3,0.2057576413123365
Carpi,1,0.7908853534303033
Carquefou,1,0.7908853534303033
Carrara,1,0.7908853534303033
Carrefour,0,0.5276110194413344
Carrollton,0,0.5276110194413344
Cartagena,0,0.5276110194413344
Cartago,4,0.23956608184802505
Carvin,5,0.7915588486542812
Cary,0,0.5276110194413344
Casablanca,0,0.5276110194413344
Caserta,3,0.2057576413123365
Casoria,3,0.2057576413123365
Cassilândia,5,0.7915588486542812
Castanhal,0,0.5276110194413344
Castellammare di Stabia,5,0.7915588486542812
Castelldefels,0,0.5276110194413344
Castelnau-le-Lez,3,0.2057576413123365
Castres,1,0.7908853534303033
Castrop-Rauxel,0,0.5276110194413344
Catalão,0,0.5276110194413344
Catanduva,5,0.7915588486542812
Catania,1,0.7908853534303033
Catia La Mar,1,0.7908853534303033
Caucaia,0,0.5276110194413344
Cavaillon,0,0.5276110194413344
Caxias do Sul,5,0.7915588486542812
Cayenne,0,0.5276110194413344
Caçador,1,0.7908853534303033
Cedar Hill,1,0.7908853534303033
Celaya,5,0.7915588486542812
Celle,0,0.5276110194413344
Centurion,4,0.23956608184802505
Cergy,0,0.5276110194413344
Cerignola,1,0.7908853534303033
Cesena,0,0.5276110194413344
Cessnock,0,0.5276110194413344
Ceuta,0,0.5276110194413344
Ceyhan,3,0.2057576413123365
Chaguanas,0,0.5276110194413344
Chalinze,1,0.7908853534303033
Champigny-sur-Marne,3,0.2057576413123365
Chandigarh,1,0.7908853534303033
Chandler,4,0.23956608184802505
Changchun,1,0.7908853534303033
Changde,2,0.7247725093685911
Changsha,0,0.5276110194413344
Changshu,5,0.7915588486542812
Changwon,3,0.2057576413123365
Changzhou,1,0.7908853534303033
Chaohu,3,0.2057576413123365
Chaoyang,1,0.7908853534303033
Chaozhou,1,0.7908853534303033
Chapecó,0,0.5276110194413344
Chapel Allerton,0,0.5276110194413344
Charallave,2,0.7247725093685911
Charleroi,0,0.5276110194413344
Charlotte,0,0.5276110194413344
Charlottesville,3,0.2057576413123365
Chartres,0,0.5276110194413344
Chattanooga,0,0.5276110194413344
Chaumont,0,0.5276110194413344
Chaville,5,0.7915588486542812
Cheliábinsk,0,0.5276110194413344
Chelles,3,0.2057576413123365
Chelmsford,4,0.23956608184802505
Cheltenham,2,0.7247725093685911
Chemnitz,5,0.7915588486542812
Chengdu,0,0.5276110194413344
Chennai,0,0.5276110194413344
Chenzhou,3,0.2057576413123365
Cherbourg-Octeville,3,0.2057576413123365
Cherkasy,0,0.5276110194413344
Chernihiv,0,0.5276110194413344
Chesapeake,0,0.5276110194413344
Cheshunt,3,0.2057576413123365
Chester,0,0.5276110194413344
Chesterfield,1,0.7908853534303033
Chetumal,3,0.2057576413123365
Chicago,0,0.5276110194413344
Chiclana de la Frontera,5,0.7915588486542812
Chiclayo,5,0.7915588486542812
Chico,1,0.7908853534303033
Chifeng,1,0.7908853534303033
Chigasaki,2,0.7247725093685911
Chihuahua,0,0.5276110194413344
Chililabombwe,1,0.7908853534303033
Chilly-Mazarin,1,0.7908853534303033
Chillán,0,0.5276110194413344
Chilpancingo,0,0.5276110194413344
Chimaltenango,0,0.5276110194413344
Chimbote,3,0.2057576413123365
Chimoio,2,0.7247725093685911
Chinandega,0,0.5276110194413344
Chinautla,0,0.5276110194413344
Chincha Alta,4,0.23956608184802505
Chingola,0,0.5276110194413344
Chioggia,5,0.7915588486542812
Chipata,1,0.7908853534303033
Chisináu,1,0.7908853534303033
Chittagong,0,0.5276110194413344
Chitungwiza,5,0.7915588486542812
Choisy-le-Roi,0,0.5276110194413344
Cholet,0,0.5276110194413344
Choloma,0,0.5276110194413344
Cholula,0,0.5276110194413344
Choluteca,0,0.5276110194413344
Chongqing,0,0.5276110194413344
Chorzow,3,0.2057576413123365
Christchurch,0,0.5276110194413344
Chula Vista,5,0.7915588486542812
Cidade Ocidental,5,0.7915588486542812
Ciego de Ávila,5,0.7915588486542812
Cienfuegos,0,0.5276110194413344
Cincinnati,4,0.23956608184802505
Cipolletti,4,0.23956608184802505
Cirebon,0,0.5276110194413344
Citrus Heights,5,0.7915588486542812
Ciudad del Carmen,5,0.7915588486542812
Civitavecchia,3,0.2057576413123365
Clacton-on-Sea,5,0.7915588486542812
Clamart,0,0.5276110194413344
Clarksville,3,0.2057576413123365
Clermont-Ferrand,0,0.5276110194413344
Cleveland,0,0.5276110194413344
Clichy,1,0.7908853534303033
Clichy-sous-Bois,1,0.7908853534303033
Clinton,0,0.5276110194413344
Clovis,2,0.7247725093685911
Cluj-Napoca,0,0.5276110194413344
Cluses,3,0.2057576413123365
Coacalco,0,0.5276110194413344
Coatzacoalcos,5,0.7915588486542812
Cochabamba,0,0.5276110194413344
Coffs Harbour,0,0.5276110194413344
Cognac,0,0.5276110194413344
Coimbatore,0,0.5276110194413344
Coimbra,2,0.7247725093685911
Colchester,0,0.5276110194413344
Colima,0,0.5276110194413344
College Station,4,0.23956608184802505
Colmar,0,0.5276110194413344
Cologne,0,0.5276110194413344
Colombes,5,0.7915588486542812
Colombo,0,0.5276110194413344
Colomiers,3,0.2057576413123365
Colorado Springs,0,0.5276110194413344
Columbia,0,0.5276110194413344
Columbus,0,0.5276110194413344
Colón,0,0.5276110194413344
Como,4,0.23956608184802505
Comodoro Rivadavia,0,0.5276110194413344
Concarneau,5,0.7915588486542812
Concepción del Uruguay,3,0.2057576413123365
Concord,0,0.5276110194413344
Conflans-Sainte-Honorine,1,0.7908853534303033
Conselheiro Lafaiete,3,0.2057576413123365
Consolación del Sur,0,0.5276110194413344
Constantina,0,0.5276110194413344
Constanza,2,0.7247725093685911
Contramaestre,0,0.5276110194413344
Conway,4,0.23956608184802505
Copenhagen,0,0.5276110194413344
Copiapó,0,0.5276110194413344
Coppell,5,0.7915588486542812
Coral Springs,0,0.5276110194413344
Corbeil-Essonnes,5,0.7915588486542812
Cork,1,0.7908853534303033
Corlu,2,0.7247725093685911
Cormeilles-en-Parisis,1,0.7908853534303033
Corpus Christi,3,0.2057576413123365
Corrientes,2,0.7247725093685911
Corum,4,0.23956608184802505
Cosenza,5,0.7915588486542812
Coslada,4,0.23956608184802505
Costa Mesa,0,0.5276110194413344
Cotia,5,0.7915588486542812
Cotonou,4,0.23956608184802505
Cottage Grove,1,0.7908853534303033
Cottbus,3,0.2057576413123365
Coudekerque-Branche,4,0.23956608184802505
Coulommiers,0,0.5276110194413344
Courbevoie,5,0.7915588486542812
Cournon-d'Auvergne,5,0.7915588486542812
Coventry,0,0.5276110194413344
Covington,5,0.7915588486542812
Coxs B?z?r,1,0.7908853534303033
Coyoacán,0,0.5276110194413344
Craiova,3,0.2057576413123365
Cranston,5,0.7915588486542812
Crato,0,0.5276110194413344
Crawley,3,0.2057576413123365
Creil,0,0.5276110194413344
Cremona,1,0.7908853534303033
Crewe,1,0.7908853534303033
Criciúma,5,0.7915588486542812
Crotone,4,0.23956608184802505
Cruz das Almas,3,0.2057576413123365
Cruzeiro,4,0.23956608184802505
Cuajimalpa,1,0.7908853534303033
Cuautitlán,0,0.5276110194413344
Cuenca,4,0.23956608184802505
Cuernavaca,0,0.5276110194413344
Cuiabá,0,0.5276110194413344
Culiacán,0,0.5276110194413344
Cumaná,1,0.7908853534303033
Cumbernauld,3,0.2057576413123365
Cuneo,4,0.23956608184802505
Curitiba,0,0.5276110194413344
Cuscatancingo,3,0.2057576413123365
Cuttack,2,0.7247725093685911
Cuxhaven,3,0.2057576413123365
Cuyahoga Falls,3,0.2057576413123365
Cárdenas,3,0.2057576413123365
Cártama,5,0.7915588486542812
Córdoba,0,0.5276110194413344
Cúa,4,0.23956608184802505
Cúcuta,0,0.5276110194413344
Da Nang,1,0.7908853534303033
Dabrowa Gornicza,4,0.23956608184802505
Daca,0,0.5276110194413344
Daegu,0,0.5276110194413344
Daejeon,0,0.5276110194413344
Dakar,0,0.5276110194413344
Dalian,0,0.5276110194413344
Dallas,0,0.5276110194413344
Daloa,2,0.7247725093685911
Damaturu,3,0.2057576413123365
Danville,1,0.7908853534303033
Daqing,0,0.5276110194413344
Dar Chioukh,3,0.2057576413123365
Dar es Salaam,0,0.5276110194413344
Darbhanga,0,0.5276110194413344
Darmstadt,0,0.5276110194413344
Dartmouth,2,0.7247725093685911
Darwin,0,0.5276110194413344
Datong,0,0.5276110194413344
David,0,0.5276110194413344
Dax,0,0.5276110194413344
Dayr az Zawr,3,0.2057576413123365
Daytona Beach,1,0.7908853534303033
Dearborn,0,0.5276110194413344
Dearborn Heights,0,0.5276110194413344
Decatur,0,0.5276110194413344
Deer Park,5,0.7915588486542812
Dehra Dun,5,0.7915588486542812
Delft,5,0.7915588486542812
Delgado,0,0.5276110194413344
Delhi,0,0.5276110194413344
Delicias,0,0.5276110194413344
Delmenhorst,5,0.7915588486542812
Delray Beach,5,0.7915588486542812
Deltona,2,0.7247725093685911
Den Helder,2,0.7247725093685911
Denain,1,0.7908853534303033
Denizli,0,0.5276110194413344
Denpasar,0,0.5276110194413344
Denver,0,0.5276110194413344
Depok,0,0.5276110194413344
Derbent,0,0.5276110194413344
Derby,1,0.7908853534303033
Des Moines,0,0.5276110194413344
Des Plaines,2,0.7247725093685911
Detroit,0,0.5276110194413344
Deuil-la-Barre,3,0.2057576413123365
Deventer,0,0.5276110194413344
Devonport,3,0.2057576413123365
Dewas,0,0.5276110194413344
Dewsbury,0,0.5276110194413344
Dhule,4,0.23956608184802505
Diadema,2,0.7247725093685911
Dieppe,0,0.5276110194413344
Dijon,0,0.5276110194413344
Dinslaken,5,0.7915588486542812
Dire Dawa,4,0.23956608184802505
Disuq,2,0.7247725093685911
Divinópolis,3,0.2057576413123365
Diyarbakir,4,0.23956608184802505
Djougou,0,0.5276110194413344
Dniprodzerzhyns'k,5,0.7915588486542812
Dnipropetrovsk,0,0.5276110194413344
Doetinchem,1,0.7908853534303033
Doha,0,0.5276110194413344
Domont,4,0.23956608184802505
Doncaster,2,0.7247725093685911
Donets'k,0,0.5276110194413344
Dongguan,0,0.5276110194413344
Donghai,0,0.5276110194413344
Dordrecht,0,0.5276110194413344
Dormagen,0,0.5276110194413344
Dorsten,0,0.5276110194413344
Dortmund,0,0.5276110194413344
Dos Hermanas,5,0.7915588486542812
Dos Quebradas,5,0.7915588486542812
Douai,0,0.5276110194413344
Douarnenez,2,0.7247725093685911
Dourados,3,0.2057576413123365
Dover,0,0.5276110194413344
Draguignan,0,0.5276110194413344
Drammen,0,0.5276110194413344
Drancy,0,0.5276110194413344
Draper,5,0.7915588486542812
Dresden,0,0.5276110194413344
Dreux,0,0.5276110194413344
Drobeta-Turnu Severin,2,0.7247725093685911
Drogobych,3,0.2057576413123365
Dronfield,3,0.2057576413123365
Dubbo,0,0.5276110194413344
Dublín,0,0.5276110194413344
Dubuque,4,0.23956608184802505
Dudley,1,0.7908853534303033
Duisburg,0,0.5276110194413344
Duitama,0,0.5276110194413344
Dumai,1,0.7908853534303033
Dundee,3,0.2057576413123365
Dunedin,0,0.5276110194413344
Dunstable,1,0.7908853534303033
Duque de Caxias,0,0.5276110194413344
Durango,1,0.7908853534303033
Durban,5,0.7915588486542812
Durg,0,0.5276110194413344
Durgapur,0,0.5276110194413344
Durham,1,0.7908853534303033
Duzce,5,0.7915588486542812
Dzhezkazgan,5,0.7915588486542812
Eagan,0,0.5276110194413344
East Kilbride,4,0.23956608184802505
East London,3,0.2057576413123365
East Orange,5,0.7915588486542812
East Point,1,0.7908853534303033
Eastbourne,1,0.7908853534303033
Eau Claire,2,0.7247725093685911
Echirolles,0,0.5276110194413344
Echuca,1,0.7908853534303033
Edinburg,3,0.2057576413123365
Edinburgh,0,0.5276110194413344
Edmond,2,0.7247725093685911
Edmonds,3,0.2057576413123365
Edmonton,0,0.5276110194413344
Edogawa-ku,5,0.7915588486542812
Eggenstein-Leopoldshafen,2,0.7247725093685911
Eindhoven,0,0.5276110194413344
Ekibastuz,5,0.7915588486542812
El Ejido,0,0.5276110194413344
El Limón,4,0.23956608184802505
El Paso,0,0.5276110194413344
El Prat de Llobregat,0,0.5276110194413344
El Progreso,0,0.5276110194413344
El Tigre,5,0.7915588486542812
Elazig,3,0.2057576413123365
Elbasan,1,0.7908853534303033
Elbeuf,5,0.7915588486542812
Elda,0,0.5276110194413344
Elkhart,5,0.7915588486542812
Elmhurst,0,0.5276110194413344
Elx,0,0.5276110194413344
Emden,0,0.5276110194413344
Emmen,4,0.23956608184802505
Encinitas,5,0.7915588486542812
Englewood,2,0.7247725093685911
Ennigerloh,0,0.5276110194413344
Enschede,1,0.7908853534303033
Ensenada,1,0.7908853534303033
Enugu,0,0.5276110194413344
Epinal,2,0.7247725093685911
Epworth,3,0.2057576413123365
Eragny,0,0.5276110194413344
Ercolano,4,0.23956608184802505
Erechim,3,0.2057576413123365
Erftstadt,0,0.5276110194413344
Erfurt,2,0.7247725093685911
Erlangen,0,0.5276110194413344
Ermont,3,0.2057576413123365
Erzurum,2,0.7247725093685911
Esbjerg,2,0.7247725093685911
Escondido,4,0.23956608184802505
Escuintla,0,0.5276110194413344
Esenyurt,0,0.5276110194413344
Eskilstuna,1,0.7908853534303033
Eskisehir,0,0.5276110194413344
Espoo,0,0.5276110194413344
Esquina,1,0.7908853534303033
Essen,0,0.5276110194413344
Estambul,0,0.5276110194413344
Estelí,0,0.5276110194413344
Estepona,1,0.7908853534303033
Estocolmo,0,0.5276110194413344
Etawah,2,0.7247725093685911
Etimesgut,0,0.5276110194413344
Eugene,3,0.2057576413123365
Euskirchen,4,0.23956608184802505
Evanston,0,0.5276110194413344
Everett,0,0.5276110194413344
Evreux,0,0.5276110194413344
Evry,0,0.5276110194413344
Exeter,0,0.5276110194413344
Ezhou,3,0.2057576413123365
Facatativá,3,0.2057576413123365
Faches-Thumesnil,3,0.2057576413123365
Faenza,0,0.5276110194413344
Fairfield,0,0.5276110194413344
Falconara Marittima,3,0.2057576413123365
Fano,3,0.2057576413123365
Fargo,1,0.7908853534303033
Faridabad,0,0.5276110194413344
Farmington,3,0.2057576413123365
Farnborough,0,0.5276110194413344
Farroupilha,1,0.7908853534303033
Fasa,5,0.7915588486542812
Fatehpur,1,0.7908853534303033
Fayetteville,0,0.5276110194413344
Fayún,2,0.7247725093685911
Feira,5,0.7915588486542812
Feira de Santana,0,0.5276110194413344
Felahiye,3,0.2057576413123365
Fengcheng,5,0.7915588486542812
Fernando de la Mora,3,0.2057576413123365
Ferndown,5,0.7915588486542812
Ferrara,0,0.5276110194413344
Fes,1,0.7908853534303033
Fianarantsoa,0,0.5276110194413344
Firminy,3,0.2057576413123365
Firozabad,3,0.2057576413123365
Fiumicino,3,0.2057576413123365
Flensburg,3,0.2057576413123365
Flers,4,0.23956608184802505
Fleury-les-Aubrais,1,0.7908853534303033
Florence,0,0.5276110194413344
Florencia,0,0.5276110194413344
Floridablanca,0,0.5276110194413344
Foggia,5,0.7915588486542812
Fontaine,3,0.2057576413123365
Fontainebleau,2,0.7247725093685911
Fontenay-aux-Roses,0,0.5276110194413344
Fontenay-le-Comte,2,0.7247725093685911
Fontenay-sous-Bois,3,0.2057576413123365
Forbach,1,0.7908853534303033
Forster,0,0.5276110194413344
Fort Collins,0,0.5276110194413344
Fort Lauderdale,0,0.5276110194413344
Fort Worth,1,0.7908853534303033
Fort-de-France,0,0.5276110194413344
Fortaleza,0,0.5276110194413344
Foshan,0,0.5276110194413344
Foumban,4,0.23956608184802505
Franca,3,0.2057576413123365
Francisco Beltrão,4,0.23956608184802505
Francisco Morato,5,0.7915588486542812
Franco da Rocha,4,0.23956608184802505
Franconville,1,0.7908853534303033
Frankfurt,0,0.5276110194413344
Franklin,0,0.5276110194413344
Frederiksberg,0,0.5276110194413344
Freeport,1,0.7908853534303033
Freiburg,0,0.5276110194413344
Fremont,0,0.5276110194413344
Fresnes,1,0.7908853534303033
Fresnillo de González Echeverría,3,0.2057576413123365
Fresno,4,0.23956608184802505
Friedberg,4,0.23956608184802505
Friedrichshafen,0,0.5276110194413344
Frontera,5,0.7915588486542812
Frontignan,4,0.23956608184802505
Fuengirola,2,0.7247725093685911
Fuenlabrada,5,0.7915588486542812
Fuji,1,0.7908853534303033
Fukui,0,0.5276110194413344
Fukuyama,5,0.7915588486542812
Funabashi,5,0.7915588486542812
Funtua,3,0.2057576413123365
Fushun,0,0.5276110194413344
Fuzhou,5,0.7915588486542812
Gaborone,5,0.7915588486542812
Gagnoa,3,0.2057576413123365
Gagny,3,0.2057576413123365
Gaithersburg,0,0.5276110194413344
Galati,0,0.5276110194413344
Gallarate,5,0.7915588486542812
Galway,2,0.7247725093685911
Ganganagar,0,0.5276110194413344
Gaomi,2,0.7247725093685911
Gaoyou,1,0.7908853534303033
Gap,0,0.5276110194413344
Garanhuns,3,0.2057576413123365
Garbsen,1,0.7908853534303033
Garches,4,0.23956608184802505
Gardanne,1,0.7908853534303033
Garden City,2,0.7247725093685911
Garforth,0,0.5276110194413344
Garland,1,0.7908853534303033
Garoua,5,0.7915588486542812
Garza García,1,0.7908853534303033
Gaspar,4,0.23956608184802505
Gastonia,4,0.23956608184802505
Gateshead,0,0.5276110194413344
Gawler,0,0.5276110194413344
Gaya,4,0.23956608184802505
Gaziantep,0,0.5276110194413344
Gaziemir,0,0.5276110194413344
Gdansk,0,0.5276110194413344
Gdynia,2,0.7247725093685911
Gebze,1,0.7908853534303033
Geelong,0,0.5276110194413344
Gela,1,0.7908853534303033
Gelsenkirchen,1,0.7908853534303033
General Escobedo,0,0.5276110194413344
Genk,0,0.5276110194413344
Gennevilliers,0,0.5276110194413344
Genoa,0,0.5276110194413344
George,5,0.7915588486542812
Georgetown,0,0.5276110194413344
Gera,1,0.7908853534303033
Geraldton,0,0.5276110194413344
Getafe,3,0.2057576413123365
Getxo,3,0.2057576413123365
Ghaziabad,3,0.2057576413123365
Ghent,1,0.7908853534303033
Gien,4,0.23956608184802505
Gilbert,0,0.5276110194413344
Gillingham,0,0.5276110194413344
Ginebra,1,0.7908853534303033
Girga,4,0.23956608184802505
Girona,0,0.5276110194413344
Girón,4,0.23956608184802505
Gisborne,3,0.2057576413123365
Giurgiu,0,0.5276110194413344
Givors,4,0.23956608184802505
Giyani,5,0.7915588486542812
Gladbeck,3,0.2057576413123365
Gladstone,0,0.5276110194413344
Glasgow,0,0.5276110194413344
Glendale,4,0.23956608184802505
Gliwice,4,0.23956608184802505
Gloucester,0,0.5276110194413344
Goiânia,0,0.5276110194413344
Gold Coast,0,0.5276110194413344
Gombe,3,0.2057576413123365
Gonaïves,0,0.5276110194413344
Gongzhuling,3,0.2057576413123365
Gorakhpur,0,0.5276110194413344
Gorgan,2,0.7247725093685911
Gothenburg,0,0.5276110194413344
Goulburn,5,0.7915588486542812
Goyang,1,0.7908853534303033
Gradignan,4,0.23956608184802505
Grajaú,0,0.5276110194413344
Granada,0,0.5276110194413344
Grand Prairie,2,0.7247725093685911
Grand Rapids,5,0.7915588486542812
Granollers,1,0.7908853534303033
Grasse,5,0.7915588486542812
Gravataí,0,0.5276110194413344
Gravatá,0,0.5276110194413344
Gravesend,0,0.5276110194413344
Graz,3,0.2057576413123365
Great Falls,5,0.7915588486542812
Great Yarmouth,0,0.5276110194413344
Green Bay,2,0.7247725093685911
Greensboro,5,0.7915588486542812
Greenville,1,0.7908853534303033
Greenwood,5,0.7915588486542812
Greifswald,4,0.23956608184802505
Grenoble,0,0.5276110194413344
Gresham,0,0.5276110194413344
Grevenbroich,0,0.5276110194413344
Griffith,5,0.7915588486542812
Grigny,0,0.5276110194413344
Grodno,0,0.5276110194413344
Gronau,5,0.7915588486542812
Groningen,5,0.7915588486542812
Grosseto,0,0.5276110194413344
Grove City,0,0.5276110194413344
Guacara,5,0.7915588486542812
Guadalajara,0,0.5276110194413344
Guanajuato,3,0.2057576413123365
Guanambi,2,0.7247725093685911
Guangshui,0,0.5276110194413344
Guangzhou,0,0.5276110194413344
Guantánamo,0,0.5276110194413344
Guarapuava,2,0.7247725093685911
Guaratinguetá,4,0.23956608184802505
Guarujá,1,0.7908853534303033
Guarulhos,0,0.5276110194413344
Guasave,5,0.7915588486542812
Guatemala City,1,0.7908853534303033
Guatire,2,0.7247725093685911
Guayana,1,0.7908853534303033
Guayaquil,0,0.5276110194413344
Guaymas,0,0.5276110194413344
Gubkin,4,0.23956608184802505
Guelma,0,0.5276110194413344
Guelmim,4,0.23956608184802505
Guelph,4,0.23956608184802505
Guidonia Montecelio,3,0.2057576413123365
Guildford,4,0.23956608184802505
Guilin,3,0.2057576413123365
Guiyang,2,0.7247725093685911
Gujranwala,1,0.7908853534303033
Gulbarga,4,0.23956608184802505
Gulfport,4,0.23956608184802505
Gulu,0,0.5276110194413344
Gummersbach,0,0.5276110194413344
Guntur,0,0.5276110194413344
Gusau,0,0.5276110194413344
Guwahati,0,0.5276110194413344
Guyancourt,0,0.5276110194413344
Guzmán,4,0.23956608184802505
Gwalior,4,0.23956608184802505
Gy?r,5,0.7915588486542812
Gyula,4,0.23956608184802505
Gómel,1,0.7908853534303033
Gómez Palacio,0,0.5276110194413344
Haarlem,0,0.5276110194413344
Hackensack,3,0.2057576413123365
Hagen,0,0.5276110194413344
Haguenau,1,0.7908853534303033
Haifa,0,0.5276110194413344
Haikou,4,0.23956608184802505
Hailin,2,0.7247725093685911
Halesowen,1,0.7908853534303033
Halifax,0,0.5276110194413344
Halle,0,0.5276110194413344
Halluin,2,0.7247725093685911
Halmstad,2,0.7247725093685911
Haltom City,0,0.5276110194413344
Hamadán,4,0.23956608184802505
Hamamatsu,5,0.7915588486542812
Hamar,5,0.7915588486542812
Hamburgo,0,0.5276110194413344
Hamilton,0,0.5276110194413344
Hamm,0,0.5276110194413344
Hamme,0,0.5276110194413344
Hampton,1,0.7908853534303033
Handa,2,0.7247725093685911
Handan,0,0.5276110194413344
Hangu,3,0.2057576413123365
Hangzhou,3,0.2057576413123365
Haninge,0,0.5276110194413344
Hanoi,0,0.5276110194413344
Hanover,0,0.5276110194413344
Harare,3,0.2057576413123365
Harbin,0,0.5276110194413344
Hargeysa,0,0.5276110194413344
Harlingen,5,0.7915588486542812
Harlow,3,0.2057576413123365
Harrisonburg,0,0.5276110194413344
Harrogate,5,0.7915588486542812
Harrow,0,0.5276110194413344
Hartlepool,0,0.5276110194413344
Hasselt,0,0.5276110194413344
Hastings,1,0.7908853534303033
Hattiesburg,3,0.2057576413123365
Hattingen,1,0.7908853534303033
Hautmont,5,0.7915588486542812
Hayange,5,0.7915588486542812
Hazebrouck,1,0.7908853534303033
Heerlen,0,0.5276110194413344
Hefei,1,0.7908853534303033
Heidelberg,0,0.5276110194413344
Heilbronn,0,0.5276110194413344
Helena,3,0.2057576413123365
Helmond,4,0.23956608184802505
Helsingborg,3,0.2057576413123365
Helsinki,0,0.5276110194413344
Hemel Hempstead,3,0.2057576413123365
Hempstead,3,0.2057576413123365
Henderson,0,0.5276110194413344
Hendersonville,3,0.2057576413123365
Hengyang,1,0.7908853534303033
Herat,0,0.5276110194413344
Hereford,0,0.5276110194413344
Herford,3,0.2057576413123365
Hermosillo,0,0.5276110194413344
Herne,0,0.5276110194413344
Heroica Zitácuaro,0,0.5276110194413344
Herten,5,0.7915588486542812
Hesperia,5,0.7915588486542812
Heyuan,3,0.2057576413123365
Heze,4,0.23956608184802505
Hialeah,0,0.5276110194413344
Hidalgo,0,0.5276110194413344
High Wycombe,2,0.7247725093685911
Highland Park,1,0.7908853534303033
Hildesheim,4,0.23956608184802505
Hillsboro,5,0.7915588486542812
Hilversum,5,0.7915588486542812
Himeji,0,0.5276110194413344
Hinckley,0,0.5276110194413344
Hirakata,2,0.7247725093685911
Hiratsuka,5,0.7915588486542812
Hisar,5,0.7915588486542812
Ho Chi Minh City,0,0.5276110194413344
Hobart,0,0.5276110194413344
Hohhot,5,0.7915588486542812
Holguín,0,0.5276110194413344
Hollywood,1,0.7908853534303033
Holon,3,0.2057576413123365
Homestead,2,0.7247725093685911
Homs,5,0.7915588486542812
Hoover,3,0.2057576413123365
Horlivka,1,0.7908853534303033
Hot Springs,5,0.7915588486542812
Houston,0,0.5276110194413344
Hove,5,0.7915588486542812
Hradec Králové,3,0.2057576413123365
Huaibei,0,0.5276110194413344
Huaihua,5,0.7915588486542812
Huainan,0,0.5276110194413344
Huaiyin,1,0.7908853534303033
Huambo,1,0.7908853534303033
Huancayo,5,0.7915588486542812
Huangshan,2,0.7247725093685911
Hubli,0,0.5276110194413344
Huddersfield,0,0.5276110194413344
Huddinge,2,0.7247725093685911
Huehuetenango,0,0.5276110194413344
Huelva,3,0.2057576413123365
Huixquilucan,3,0.2057576413123365
Huizhou,0,0.5276110194413344
Huntington Beach,0,0.5276110194413344
Huntsville,0,0.5276110194413344
Hurghada,0,0.5276110194413344
Huyton,0,0.5276110194413344
Huzhou,5,0.7915588486542812
Hyderabad,0,0.5276110194413344
Iasi,4,0.23956608184802505
Ibadan,0,0.5276110194413344
Ibagué,0,0.5276110194413344
Ibaraki,0,0.5276110194413344
Ibirité,0,0.5276110194413344
Ibiúna,1,0.7908853534303033
Ichalkaranji,3,0.2057576413123365
Ichikawa,4,0.23956608184802505
Igarassu,3,0.2057576413123365
Igdir,4,0.23956608184802505
Iguala,0,0.5276110194413344
Igurusi,0,0.5276110194413344
Ijuí,4,0.23956608184802505
Ikot Ekpene,2,0.7247725093685911
Ilam,1,0.7908853534303033
Ilesha,0,0.5276110194413344
Ilhéus,3,0.2057576413123365
Illkirch-Graffenstaden,0,0.5276110194413344
Ilo,1,0.7908853534303033
Ilopango,0,0.5276110194413344
Ilorin,0,0.5276110194413344
Imola,4,0.23956608184802505
Imphal,4,0.23956608184802505
Indaial,0,0.5276110194413344
Indaiatuba,3,0.2057576413123365
Independence,4,0.23956608184802505
Indianapolis,0,0.5276110194413344
Indore,5,0.7915588486542812
Inegol,5,0.7915588486542812
Inglewood,0,0.5276110194413344
Ingolstadt,0,0.5276110194413344
Innsbruck,0,0.5276110194413344
Invercargill,3,0.2057576413123365
Ipiales,1,0.7908853534303033
Ipoh,0,0.5276110194413344
Ipswich,1,0.7908853534303033
Iquique,5,0.7915588486542812
Iquitos,2,0.7247725093685911
Irapuato,0,0.5276110194413344
Irbid,5,0.7915588486542812
Irkutsk,1,0.7908853534303033
Irun,0,0.5276110194413344
Irving,3,0.2057576413123365
Iserlohn,1,0.7908853534303033
Iskenderun,1,0.7908853534303033
Islamabad,0,0.5276110194413344
Isparta,1,0.7908853534303033
Issy-les-Moulineaux,1,0.7908853534303033
Istres,3,0.2057576413123365
Itaituba,3,0.2057576413123365
Itajaí,0,0.5276110194413344
Itamaraju,4,0.23956608184802505
Itapecerica da Serra,3,0.2057576413123365
Itapecuru Mirim,4,0.23956608184802505
Itapetininga,2,0.7247725093685911
Itapeva,3,0.2057576413123365
Itapevi,3,0.2057576413123365
Itaúna,2,0.7247725093685911
Itu,0,0.5276110194413344
Ituiutaba,1,0.7908853534303033
Ivano-Frankivs'k,4,0.23956608184802505
Ivanovo,0,0.5276110194413344
Ivry-sur-Seine,5,0.7915588486542812
Ixtapaluca,0,0.5276110194413344
Izmir,0,0.5276110194413344
Jabalpur,0,0.5276110194413344
Jaboticabal,3,0.2057576413123365
Jacareí,2,0.7247725093685911
Jackson,0,0.5276110194413344
Jacksonville,0,0.5276110194413344
Jacobina,0,0.5276110194413344
Jaipur,0,0.5276110194413344
Jalalabad,0,0.5276110194413344
Jalna,0,0.5276110194413344
Jambi,0,0.5276110194413344
Jammu,1,0.7908853534303033
Jamnagar,0,0.5276110194413344
Jamshedpur,3,0.2057576413123365
Jamundí,3,0.2057576413123365
Jartum,0,0.5276110194413344
Jayapura,0,0.5276110194413344
Jaú,5,0.7915588486542812
Jeddah,0,0.5276110194413344
Jember,0,0.5276110194413344
Jena,3,0.2057576413123365
Jequié,0,0.5276110194413344
Jerez de la Frontera,1,0.7908853534303033
Jersón,4,0.23956608184802505
Jerusalén,1,0.7908853534303033
Jhansi,0,0.5276110194413344
Ji-Paraná,3,0.2057576413123365
Jiamusi,1,0.7908853534303033
Jiangdu,1,0.7908853534303033
Jiangmen,0,0.5276110194413344
Jiangyan,4,0.23956608184802505
Jiangyou,5,0.7915588486542812
Jiaozuo,0,0.5276110194413344
Jiaxing,4,0.23956608184802505
Jieyang,5,0.7915588486542812
Jilin,1,0.7908853534303033
Jinan,0,0.5276110194413344
Jingdezhen,4,0.23956608184802505
Jingmen,4,0.23956608184802505
Jinhua,4,0.23956608184802505
Jining,5,0.7915588486542812
Jinja,0,0.5276110194413344
Jinjiang,0,0.5276110194413344
Jiutai,5,0.7915588486542812
Jiutepec,1,0.7908853534303033
Jixi,0,0.5276110194413344
Jizzakh,5,0.7915588486542812
Jizán,3,0.2057576413123365
Jodhpur,0,0.5276110194413344
Johannesburg,0,0.5276110194413344
Johnson City,5,0.7915588486542812
Joinville,5,0.7915588486542812
Jonesboro,1,0.7908853534303033
Jos,0,0.5276110194413344
José Bonifácio,0,0.5276110194413344
João Pessoa,0,0.5276110194413344
Juazeiro,0,0.5276110194413344
Juba,5,0.7915588486542812
Juiz de Fora,0,0.5276110194413344
Jundiaí,0,0.5276110194413344
Jurema,2,0.7247725093685911
Juárez,0,0.5276110194413344
Járkov,0,0.5276110194413344
K'ut'aisi,0,0.5276110194413344
Kabul,0,0.5276110194413344
Kaduna,1,0.7908853534303033
Kafr ad Dawwar,4,0.23956608184802505
Kahramanmara?,0,0.5276110194413344
Kaifeng,3,0.2057576413123365
Kaiserslautern,4,0.23956608184802505
Kaiyuan,4,0.23956608184802505
Kalemie,2,0.7247725093685911
Kaliningrado,5,0.7915588486542812
Kaluga,0,0.5276110194413344
Kalundborg,5,0.7915588486542812
Kalyan,0,0.5276110194413344
Kamarhati,5,0.7915588486542812
Kampala,0,0.5276110194413344
Kananga,0,0.5276110194413344
Kandahar,4,0.23956608184802505
Kandi,3,0.2057576413123365
Kankan,2,0.7247725093685911
Kano,0,0.5276110194413344
Kanpur,0,0.5276110194413344
Karagandá,5,0.7915588486542812
Karaman,0,0.5276110194413344
Karbala,0,0.5276110194413344
Karimnagar,3,0.2057576413123365
Karliova,5,0.7915588486542812
Karlsruhe,5,0.7915588486542812
Karlstad,0,0.5276110194413344
Karnal,0,0.5276110194413344
Kars,0,0.5276110194413344
Kartal,5,0.7915588486542812
Kasala,1,0.7908853534303033
Kasama,1,0.7908853534303033
Kashan,1,0.7908853534303033
Kashira,1,0.7908853534303033
Kaspiysk,0,0.5276110194413344
Kassel,0,0.5276110194413344
Kasugai,3,0.2057576413123365
Kathmandu,0,0.5276110194413344
Katoomba,1,0.7908853534303033
Katowice,1,0.7908853534303033
Katsina,5,0.7915588486542812
Katsushika-ku,4,0.23956608184802505
Kaunas,0,0.5276110194413344
Kawagoe,0,0.5276110194413344
Kawaguchi,3,0.2057576413123365
Kawasaki,0,0.5276110194413344
Kayes,0,0.5276110194413344
Kayseri,0,0.5276110194413344
Kediri,3,0.2057576413123365
Kendari,0,0.5276110194413344
Kenitra,5,0.7915588486542812
Kenosha,5,0.7915588486542812
Kent,2,0.7247725093685911
Kerman,0,0.5276110194413344
Kermanshah,3,0.2057576413123365
Kerpen,5,0.7915588486542812
Kettering,4,0.23956608184802505
Khasavyurt,5,0.7915588486542812
Khemisset,1,0.7908853534303033
Khmelnytskyi,0,0.5276110194413344
Khomeynishahr,0,0.5276110194413344
Khorramabad,1,0.7908853534303033
Khorramshahr,1,0.7908853534303033
Khouribga,3,0.2057576413123365
Khulna,3,0.2057576413123365
Kidderminster,4,0.23956608184802505
Kiel,0,0.5276110194413344
Kigali,0,0.5276110194413344
Kigoma,3,0.2057576413123365
Kikwit,3,0.2057576413123365
Kilis,2,0.7247725093685911
Kilwinning,0,0.5276110194413344
Kindia,3,0.2057576413123365
Kindu,2,0.7247725093685911
Kingston,4,0.23956608184802505
Kingswood,4,0.23956608184802505
Kinshasa,0,0.5276110194413344
Kirkwood,4,0.23956608184802505
Kirovohrad,5,0.7915588486542812
Kirsehir,5,0.7915588486542812
Kisangani,0,0.5276110194413344
Kismaayo,5,0.7915588486542812
Kisumu,5,0.7915588486542812
Kita-ku,3,0.2057576413123365
Kitchener,0,0.5276110194413344
Kitwe,1,0.7908853534303033
Kiziltepe,1,0.7908853534303033
Klagenfurt,0,0.5276110194413344
Klaip?da,1,0.7908853534303033
Knoxville,0,0.5276110194413344
Koblenz,0,0.5276110194413344
Kocaeli,1,0.7908853534303033
Kochi,2,0.7247725093685911
Kokshetau,3,0.2057576413123365
Kolhapur,4,0.23956608184802505
Kollam,5,0.7915588486542812
Kolwezi,0,0.5276110194413344
Konya,3,0.2057576413123365
Korba,0,0.5276110194413344
Korce,0,0.5276110194413344
Korla,2,0.7247725093685911
Koshigaya,1,0.7908853534303033
Kostanái,0,0.5276110194413344
Kota,1,0.7908853534303033
Kota Kinabalu,0,0.5276110194413344
Kotka,3,0.2057576413123365
Kowloon,3,0.2057576413123365
Kozan,0,0.5276110194413344
Kozhikode,1,0.7908853534303033
Kramators'k,2,0.7247725093685911
Krasnyy Luch,4,0.23956608184802505
Krefeld,0,0.5276110194413344
Kremenchuk,5,0.7915588486542812
Kristiansand,1,0.7908853534303033
Krugersdorp,3,0.2057576413123365
Kryvyy Rih,2,0.7247725093685911
Kuala Lumpur,0,0.5276110194413344
Kuala Terengganu,5,0.7915588486542812
Kuantan,1,0.7908853534303033
Kuching,1,0.7908853534303033
Kuito,1,0.7908853534303033
Kukatpalli,0,0.5276110194413344
Kulob,0,0.5276110194413344
Kulti,0,0.5276110194413344
Kumanovo,3,0.2057576413123365
Kumasi,0,0.5276110194413344
Kumba,3,0.2057576413123365
Kunming,0,0.5276110194413344
Kupang,1,0.7908853534303033
Kure,4,0.23956608184802505
Kwangju,1,0.7908853534303033
Kwinana,0,0.5276110194413344
Kütahya,1,0.7908853534303033
La Baule-Escoublac,4,0.23956608184802505
La Ceiba,0,0.5276110194413344
La Celle-Saint-Cloud,1,0.7908853534303033
La Chorrera,2,0.7247725093685911
La Ciotat,5,0.7915588486542812
La Crau,5,0.7915588486542812
La Crosse,0,0.5276110194413344
La Madeleine,5,0.7915588486542812
La Paz,4,0.23956608184802505
La Pintana,2,0.7247725093685911
La Plata,5,0.7915588486542812
La Porte,0,0.5276110194413344
La Roche-sur-Yon,1,0.7908853534303033
La Rochelle,0,0.5276110194413344
La Romana,0,0.5276110194413344
La Seyne-sur-Mer,1,0.7908853534303033
La Spezia,1,0.7908853534303033
La Teste-de-Buch,0,0.5276110194413344
La Vega,0,0.5276110194413344
Lafayette,5,0.7915588486542812
Laghouat,4,0.23956608184802505
Lagos,0,0.5276110194413344
Lagos de Moreno,1,0.7908853534303033
Laguna Niguel,2,0.7247725093685911
Lahore,0,0.5276110194413344
Laiyang,1,0.7908853534303033
Lajeado,5,0.7915588486542812
Lake Charles,5,0.7915588486542812
Lake Forest,1,0.7908853534303033
Lakeland,0,0.5276110194413344
Lakeville,0,0.5276110194413344
Lakewood,0,0.5276110194413344
Lancaster,0,0.5276110194413344
Landerneau,0,0.5276110194413344
Landskrona,5,0.7915588486542812
Lanester,5,0.7915588486542812
Langen,1,0.7908853534303033
Langenfeld,5,0.7915588486542812
Langenhagen,1,0.7908853534303033
Langfang,4,0.23956608184802505
Lannion,1,0.7908853534303033
Lansing,1,0.7908853534303033
Lanxi,5,0.7915588486542812
Lanzhou,3,0.2057576413123365
Laohekou,0,0.5276110194413344
Laon,5,0.7915588486542812
Larache,3,0.2057576413123365
Laredo,1,0.7908853534303033
Las Cruces,4,0.23956608184802505
Las Piedras,1,0.7908853534303033
Las Pinas,0,0.5276110194413344
Las Rozas de Madrid,0,0.5276110194413344
Las Tunas,0,0.5276110194413344
Las Vegas,4,0.23956608184802505
Latina,0,0.5276110194413344
Lattes,2,0.7247725093685911
Latur,2,0.7247725093685911
Launceston,0,0.5276110194413344
Laurel,5,0.7915588486542812
Lausanne,0,0.5276110194413344
Laval,5,0.7915588486542812
Lawrence,0,0.5276110194413344
Lawton,1,0.7908853534303033
Le Blanc-Mesnil,5,0.7915588486542812
Le Bouscat,0,0.5276110194413344
Le Cannet,0,0.5276110194413344
Le Chesnay,1,0.7908853534303033
Le Creusot,1,0.7908853534303033
Le Havre,0,0.5276110194413344
Le Mans,0,0.5276110194413344
Le Petit-Quevilly,0,0.5276110194413344
Le Plessis-Robinson,0,0.5276110194413344
Le Pontet,4,0.23956608184802505
Le Pré-Saint-Gervais,1,0.7908853534303033
League City,5,0.7915588486542812
Lecce,0,0.5276110194413344
Leeds,0,0.5276110194413344
Leeuwarden,0,0.5276110194413344
Legnano,1,0.7908853534303033
Lehi,2,0.7247725093685911
Leicester,1,0.7908853534303033
Leipzig,0,0.5276110194413344
Lens,0,0.5276110194413344
Lençóis Paulista,4,0.23956608184802505
Leoben,3,0.2057576413123365
Leominster,5,0.7915588486542812
Les Abymes,0,0.5276110194413344
Les Clayes-sous-Bois,5,0.7915588486542812
Les Herbiers,0,0.5276110194413344
Les Lilas,5,0.7915588486542812
Les Mureaux,4,0.23956608184802505
Les Pavillons-sous-Bois,0,0.5276110194413344
Les Ulis,0,0.5276110194413344
Leshan,0,0.5276110194413344
Letchworth,0,0.5276110194413344
Leuven,0,0.5276110194413344
Levallois-Perret,0,0.5276110194413344
Leverkusen,1,0.7908853534303033
Lewiston,5,0.7915588486542812
León,0,0.5276110194413344
Lianyuan,5,0.7915588486542812
Lianzhou,2,0.7247725093685911
Liaocheng,0,0.5276110194413344
Liaoyang,3,0.2057576413123365
Liberec,0,0.5276110194413344
Libreville,5,0.7915588486542812
Licheng,0,0.5276110194413344
Lichinga,1,0.7908853534303033
Lida,3,0.2057576413123365
Likasi,5,0.7915588486542812
Lille,0,0.5276110194413344
Lima,0,0.5276110194413344
Limay,4,0.23956608184802505
Limeira,0,0.5276110194413344
Limoeiro do Norte,0,0.5276110194413344
Limoges,0,0.5276110194413344
Linares,5,0.7915588486542812
Lincoln,0,0.5276110194413344
Lincoln Park,1,0.7908853534303033
Linden,0,0.5276110194413344
Linhai,3,0.2057576413123365
Linhares,2,0.7247725093685911
Lins,0,0.5276110194413344
Linyi,3,0.2057576413123365
Linz,0,0.5276110194413344
Lippstadt,1,0.7908853534303033
Lisbon,0,0.5276110194413344
Lisichansk,1,0.7908853534303033
Lisieux,1,0.7908853534303033
Lismore,0,0.5276110194413344
Little Rock,0,0.5276110194413344
Littlehampton,0,0.5276110194413344
Liubliana,5,0.7915588486542812
Liverpool,0,0.5276110194413344
Livingston,0,0.5276110194413344
Livingstone,2,0.7247725093685911
Livry-Gargan,0,0.5276110194413344
Lodz,0,0.5276110194413344
Logan,2,0.7247725093685911
Lohne,0,0.5276110194413344
Lome,0,0.5276110194413344
Lomme,4,0.23956608184802505
London,0,0.5276110194413344
Londrina,0,0.5276110194413344
Long Beach,0,0.5276110194413344
Longjumeau,1,0.7908853534303033
Longmont,5,0.7915588486542812
Longueuil,2,0.7247725093685911
Longview,5,0.7915588486542812
Lons-le-Saunier,4,0.23956608184802505
Loos,4,0.23956608184802505
Lora del Río,5,0.7915588486542812
Lorain,0,0.5276110194413344
Lorca,3,0.2057576413123365
Lorena,5,0.7915588486542812
Lorient,4,0.23956608184802505
Lormont,0,0.5276110194413344
Los Angeles,0,0.5276110194413344
Los Mochis,0,0.5276110194413344
Los Patios,3,0.2057576413123365
Los Ángeles,1,0.7908853534303033
Loubomo,1,0.7908853534303033
Loughborough,3,0.2057576413123365
Louisville,0,0.5276110194413344
Loum,0,0.5276110194413344
Loures,3,0.2057576413123365
Louviers,0,0.5276110194413344
Loveland,3,0.2057576413123365
Lowell,5,0.7915588486542812
Lower Hutt,0,0.5276110194413344
Lowestoft,0,0.5276110194413344
Luanda,0,0.5276110194413344
Luanshya,2,0.7247725093685911
Lubbock,0,0.5276110194413344
Lublin,0,0.5276110194413344
Lubumbashi,0,0.5276110194413344
Lucca,3,0.2057576413123365
Lucerna,0,0.5276110194413344
Lucknow,0,0.5276110194413344
Ludhiana,1,0.7908853534303033
Ludwigsburg,0,0.5276110194413344
Ludwigsfelde,3,0.2057576413123365
Ludwigshafen am Rhein,4,0.23956608184802505
Lugansk,4,0.23956608184802505
Lugo,1,0.7908853534303033
Lund,0,0.5276110194413344
Lunel,4,0.23956608184802505
Luohe,0,0.5276110194413344
Luoyang,0,0.5276110194413344
Lusaka,0,0.5276110194413344
Luton,4,0.23956608184802505
Luts'k,0,0.5276110194413344
Luxemburgo,5,0.7915588486542812
Lviv,0,0.5276110194413344
Lyon,0,0.5276110194413344
Líbano,5,0.7915588486542812
Maastricht,1,0.7908853534303033
Mabopane,0,0.5276110194413344
Macapá,1,0.7908853534303033
Maceió,0,0.5276110194413344
Macheng,4,0.23956608184802505
Mackay,0,0.5276110194413344
Macon,2,0.7247725093685911
Madero,1,0.7908853534303033
Madison,3,0.2057576413123365
Madrid,0,0.5276110194413344
Madurai,4,0.23956608184802505
Magdeburg,0,0.5276110194413344
Magnitogorsk,1,0.7908853534303033
Mahajanga,0,0.5276110194413344
Maidenhead,0,0.5276110194413344
Maiduguri,0,0.5276110194413344
Mainz,0,0.5276110194413344
Maisons-Alfort,1,0.7908853534303033
Maisons-Laffitte,5,0.7915588486542812
Majadahonda,1,0.7908853534303033
Makati,0,0.5276110194413344
Makeni,3,0.2057576413123365
Makhachkala,0,0.5276110194413344
Makurdi,0,0.5276110194413344
Malakoff,4,0.23956608184802505
Malambo,4,0.23956608184802505
Malang,0,0.5276110194413344
Malanje,4,0.23956608184802505
Malatya,2,0.7247725093685911
Malayer,3,0.2057576413123365
Malegaon,2,0.7247725093685911
Mallawi,5,0.7915588486542812
Maltepe,1,0.7908853534303033
Mamak,0,0.5276110194413344
Man,3,0.2057576413123365
Manado,0,0.5276110194413344
Managua,0,0.5276110194413344
Manaus,0,0.5276110194413344
Manchester,0,0.5276110194413344
Mandurah,0,0.5276110194413344
Mangalore,0,0.5276110194413344
Manila,0,0.5276110194413344
Manisa,2,0.7247725093685911
Manizales,0,0.5276110194413344
Mannheim,0,0.5276110194413344
Manresa,3,0.2057576413123365
Mansfield,0,0.5276110194413344
Manteca,2,0.7247725093685911
Mantes-la-Jolie,1,0.7908853534303033
Mantes-la-Ville,3,0.2057576413123365
Manukau City,0,0.5276110194413344
Manzanillo,0,0.5276110194413344
Manzini,2,0.7247725093685911
Maple Grove,1,0.7908853534303033
Maputo,0,0.5276110194413344
Mar del Plata,4,0.23956608184802505
Maracaibo,0,0.5276110194413344
Maracay,1,0.7908853534303033
Maradi,2,0.7247725093685911
Marano di Napoli,3,0.2057576413123365
Marbella,2,0.7247725093685911
Mardan,1,0.7908853534303033
Mardin,3,0.2057576413123365
Margate,0,0.5276110194413344
Marietta,5,0.7915588486542812
Marignane,0,0.5276110194413344
Marikina,0,0.5276110194413344
Marina di Carrara,2,0.7247725093685911
Maringá,5,0.7915588486542812
Marion,0,0.5276110194413344
Markham,0,0.5276110194413344
Marl,5,0.7915588486542812
Marlborough,5,0.7915588486542812
Marly-le-Roi,3,0.2057576413123365
Marrakech,0,0.5276110194413344
Marsa Matruh,0,0.5276110194413344
Marsala,0,0.5276110194413344
Marseille,0,0.5276110194413344
Martigues,5,0.7915588486542812
Mary,0,0.5276110194413344
Maryborough,5,0.7915588486542812
Masaya,5,0.7915588486542812
Mascate,3,0.2057576413123365
Maseru,4,0.23956608184802505
Mashhad,0,0.5276110194413344
Masjed Soleyman,0,0.5276110194413344
Mason,3,0.2057576413123365
Massa,1,0.7908853534303033
Massy,3,0.2057576413123365
Masterton,5,0.7915588486542812
Matadi,1,0.7908853534303033
Matagalpa,0,0.5276110194413344
Matanzas,0,0.5276110194413344
Mataram,4,0.23956608184802505
Matehuala,2,0.7247725093685911
Mathura,1,0.7908853534303033
Matola,1,0.7908853534303033
Matsubara,4,0.23956608184802505
Matsudo,0,0.5276110194413344
Matsumoto,3,0.2057576413123365
Maturín,3,0.2057576413123365
Mau,0,0.5276110194413344
Maubeuge,2,0.7247725093685911
Mauguio,2,0.7247725093685911
Mauá,0,0.5276110194413344
Mazyr,3,0.2057576413123365
Mbandaka,0,0.5276110194413344
Mbeya,0,0.5276110194413344
Mbuji-mayi,0,0.5276110194413344
Mcallen,0,0.5276110194413344
Meaux,1,0.7908853534303033
Mecca,0,0.5276110194413344
Mechelen,0,0.5276110194413344
Medan,0,0.5276110194413344
Medellín,0,0.5276110194413344
Medford,4,0.23956608184802505
Medina,5,0.7915588486542812
Meerut,0,0.5276110194413344
Meizhou,3,0.2057576413123365
Mejicanos,0,0.5276110194413344
Meknes,5,0.7915588486542812
Melbourne,0,0.5276110194413344
Melilla,1,0.7908853534303033
Melton,3,0.2057576413123365
Melun,0,0.5276110194413344
Memphis,0,0.5276110194413344
Menden,2,0.7247725093685911
Mendoza,0,0.5276110194413344
Menemen,1,0.7908853534303033
Menia,5,0.7915588486542812
Menton,5,0.7915588486542812
Mentor,3,0.2057576413123365
Meriden,3,0.2057576413123365
Meridian,0,0.5276110194413344
Mersin,0,0.5276110194413344
Mesa,0,0.5276110194413344
Mesquite,3,0.2057576413123365
Messaad,0,0.5276110194413344
Messina,0,0.5276110194413344
Metepec,0,0.5276110194413344
Metz,0,0.5276110194413344
Meudon,0,0.5276110194413344
Mexicali,0,0.5276110194413344
Mexico City,0,0.5276110194413344
Meyzieu,3,0.2057576413123365
Mezitli,0,0.5276110194413344
Miami,0,0.5276110194413344
Mianyang,0,0.5276110194413344
Miass,1,0.7908853534303033
Middlesbrough,1,0.7908853534303033
Middletown,3,0.2057576413123365
Midland,0,0.5276110194413344
Miguel Hidalgo,0,0.5276110194413344
Mijas,3,0.2057576413123365
Milan,0,0.5276110194413344
Mildura,0,0.5276110194413344
Milford,1,0.7908853534303033
Millau,0,0.5276110194413344
Milpa Alta,0,0.5276110194413344
Milwaukee,0,0.5276110194413344
Minden,4,0.23956608184802505
Minna,0,0.5276110194413344
Minneapolis,0,0.5276110194413344
Miramar,0,0.5276110194413344
Miramas,1,0.7908853534303033
Mirzapur,0,0.5276110194413344
Mishawaka,4,0.23956608184802505
Mission Viejo,4,0.23956608184802505
Mississauga,0,0.5276110194413344
Missouri City,1,0.7908853534303033
Misurata,4,0.23956608184802505
Mitry-Mory,3,0.2057576413123365
Mixco,0,0.5276110194413344
Moa,0,0.5276110194413344
Mobile,0,0.5276110194413344
Moca,0,0.5276110194413344
Mococa,5,0.7915588486542812
Modena,5,0.7915588486542812
Modesto,1,0.7908853534303033
Modica,5,0.7915588486542812
Moers,2,0.7247725093685911
Mogadishu,0,0.5276110194413344
Mohammedia,0,0.5276110194413344
Moissy-Cramayel,5,0.7915588486542812
Molfetta,1,0.7908853534303033
Molina de Segura,2,0.7247725093685911
Mombasa,0,0.5276110194413344
Moncalieri,0,0.5276110194413344
Monclova,0,0.5276110194413344
Monroe,4,0.23956608184802505
Monrovia,0,0.5276110194413344
Mons-en-Baroeul,5,0.7915588486542812
Mont-Saint-Aignan,2,0.7247725093685911
Mont-de-Marsan,0,0.5276110194413344
Montargis,1,0.7908853534303033
Montauban,5,0.7915588486542812
Montbrison,4,0.23956608184802505
Montceau-les-Mines,2,0.7247725093685911
Montecatini Terme,0,0.5276110194413344
Montenegro,1,0.7908853534303033
Montereau-Fault-Yonne,0,0.5276110194413344
Monterrey,0,0.5276110194413344
Montes Claros,0,0.5276110194413344
Montesson,0,0.5276110194413344
Montevideo,4,0.23956608184802505
Montfermeil,0,0.5276110194413344
Montgeron,3,0.2057576413123365
Montgomery,0,0.5276110194413344
Montigny-le-Bretonneux,0,0.5276110194413344
Montmorency,2,0.7247725093685911
Montpellier,0,0.5276110194413344
Montreuil,0,0.5276110194413344
Montrouge,0,0.5276110194413344
Montréal,0,0.5276110194413344
Monza,0,0.5276110194413344
Mopti,1,0.7908853534303033
Moradabad,1,0.7908853534303033
Morelia,0,0.5276110194413344
Moreno Valley,0,0.5276110194413344
Morgan Hill,3,0.2057576413123365
Morley,0,0.5276110194413344
Morogoro,0,0.5276110194413344
Morristown,0,0.5276110194413344
Morón,5,0.7915588486542812
Moshi,0,0.5276110194413344
Mosquera,1,0.7908853534303033
Mossoró,1,0.7908853534303033
Mostaganem,3,0.2057576413123365
Mosul,0,0.5276110194413344
Mougins,0,0.5276110194413344
Mount Gambier,0,0.5276110194413344
Mount Isa,0,0.5276110194413344
Mount Pleasant,1,0.7908853534303033
Mount Vernon,1,0.7908853534303033
Mouscron,5,0.7915588486542812
Mubi,3,0.2057576413123365
Mudanjiang,1,0.7908853534303033
Mufulira,4,0.23956608184802505
Mulhouse,0,0.5276110194413344
Multan,0,0.5276110194413344
Mumbai,0,0.5276110194413344
Munich,0,0.5276110194413344
Munster,0,0.5276110194413344
Murcia,1,0.7908853534303033
Muret,0,0.5276110194413344
Murfreesboro,0,0.5276110194413344
Murray,1,0.7908853534303033
Murray Bridge,5,0.7915588486542812
Muskogee,0,0.5276110194413344
Musoma,1,0.7908853534303033
Mutare,5,0.7915588486542812
Muzaffarpur,1,0.7908853534303033
Mwanza,1,0.7908853534303033
Mykolayiv,5,0.7915588486542812
Mysore,4,0.23956608184802505
Mérida,0,0.5276110194413344
Nacka,5,0.7915588486542812
Nagasaki,1,0.7908853534303033
Nagercoil,4,0.23956608184802505
Nagpur,0,0.5276110194413344
Naihati,1,0.7908853534303033
Nairobi,0,0.5276110194413344
Najafabad,5,0.7915588486542812
Nakhon Ratchasima,5,0.7915588486542812
Nakuru,3,0.2057576413123365
Nal'chik,5,0.7915588486542812
Namangán,0,0.5276110194413344
Namibe,0,0.5276110194413344
Nampula,2,0.7247725093685911
Namur,1,0.7908853534303033
Nanchang,1,0.7908853534303033
Nanchong,5,0.7915588486542812
Nancy,1,0.7908853534303033
Nanning,0,0.5276110194413344
Nanterre,0,0.5276110194413344
Nantes,0,0.5276110194413344
Nantong,4,0.23956608184802505
Nanyang,1,0.7908853534303033
Naperville,4,0.23956608184802505
Napier,1,0.7908853534303033
Naples,0,0.5276110194413344
Narbonne,3,0.2057576413123365
Nashville,0,0.5276110194413344
Nasik,0,0.5276110194413344
Natal,0,0.5276110194413344
Natitingou,0,0.5276110194413344
Naumburg,5,0.7915588486542812
Navegantes,5,0.7915588486542812
Nazilli,5,0.7915588486542812
Ndola,0,0.5276110194413344
Neijiang,3,0.2057576413123365
Neiva,4,0.23956608184802505
Nellore,4,0.23956608184802505
Nelson,3,0.2057576413123365
Neu-Ulm,3,0.2057576413123365
Neubrandenburg,0,0.5276110194413344
Neuilly-Plaisance,5,0.7915588486542812
Neuilly-sur-Marne,0,0.5276110194413344
Neuilly-sur-Seine,0,0.5276110194413344
Neunkirchen,1,0.7908853534303033
Neuquén,1,0.7908853534303033
Nevsehir,1,0.7908853534303033
New Albany,4,0.23956608184802505
New Bedford,1,0.7908853534303033
New Plymouth,0,0.5276110194413344
New Rochelle,4,0.23956608184802505
New York City,0,0.5276110194413344
Newark,0,0.5276110194413344
Newcastle,0,0.5276110194413344
Newcastle upon Tyne,5,0.7915588486542812
Newport News,1,0.7908853534303033
Ngaoundere,3,0.2057576413123365
Nguigmi,0,0.5276110194413344
Nha Trang,5,0.7915588486542812
Niagara Falls,1,0.7908853534303033
Niamey,0,0.5276110194413344
Nice,0,0.5276110194413344
Nicolás Romero,0,0.5276110194413344
Nicosia,2,0.7247725093685911
Nicoya,1,0.7908853534303033
Nieuwegein,1,0.7908853534303033
Nigde,3,0.2057576413123365
Nijmegen,0,0.5276110194413344
Nikopol,0,0.5276110194413344
Ningbo,0,0.5276110194413344
Ninghai,0,0.5276110194413344
Niort,0,0.5276110194413344
Niterói,4,0.23956608184802505
Nitra,2,0.7247725093685911
Nizamabad,3,0.2057576413123365
Nizhyn,4,0.23956608184802505
Nkongsamba,0,0.5276110194413344
Noblesville,5,0.7915588486542812
Noda,3,0.2057576413123365
Nogent-sur-Oise,5,0.7915588486542812
Noisy-le-Grand,0,0.5276110194413344
Noisy-le-Sec,0,0.5276110194413344
Nom Pen,1,0.7908853534303033
Norderstedt,0,0.5276110194413344
Normal,3,0.2057576413123365
Norman,4,0.23956608184802505
North Charleston,2,0.7247725093685911
North Las Vegas,2,0.7247725093685911
North York,4,0.23956608184802505
Northampton,5,0.7915588486542812
Northwich,5,0.7915588486542812
Norwich,0,0.5276110194413344
Nottingham,0,0.5276110194413344
Nouakchott,0,0.5276110194413344
Nova Serrana,1,0.7908853534303033
Novara,0,0.5276110194413344
Novo Cruzeiro,3,0.2057576413123365
Novo Gama,3,0.2057576413123365
Nowra,0,0.5276110194413344
Nueva Gerona,0,0.5276110194413344
Nuevo Laredo,0,0.5276110194413344
Nuneaton,5,0.7915588486542812
Nuremberg,0,0.5276110194413344
Nzerekore,0,0.5276110194413344
Oak Park,3,0.2057576413123365
Oakland,5,0.7915588486542812
Oakville,3,0.2057576413123365
Oberhausen,0,0.5276110194413344
Obregón,0,0.5276110194413344
Ocaña,0,0.5276110194413344
Oceanside,0,0.5276110194413344
Ocotlán,1,0.7908853534303033
Odense,0,0.5276110194413344
Odessa,3,0.2057576413123365
Odivelas,2,0.7247725093685911
Offenbach,1,0.7908853534303033
Offenburg,0,0.5276110194413344
Oklahoma City,0,0.5276110194413344
Oktyabr'skiy,4,0.23956608184802505
Olathe,4,0.23956608184802505
Oldenburg,0,0.5276110194413344
Oldham,4,0.23956608184802505
Oleksandriya,4,0.23956608184802505
Olivet,0,0.5276110194413344
Olomouc,1,0.7908853534303033
Olympia,3,0.2057576413123365
Omaha,0,0.5276110194413344
Onitsha,1,0.7908853534303033
Oosterhout,0,0.5276110194413344
Opole,0,0.5276110194413344
Oradea,0,0.5276110194413344
Orange,5,0.7915588486542812
Orem,3,0.2057576413123365
Orihuela,0,0.5276110194413344
Oriximiná,1,0.7908853534303033
Orizaba,0,0.5276110194413344
Orlando,1,0.7908853534303033
Orsay,2,0.7247725093685911
Orsha,0,0.5276110194413344
Oruro,0,0.5276110194413344
Orán,0,0.5276110194413344
Osasco,3,0.2057576413123365
Osh,4,0.23956608184802505
Oshawa,5,0.7915588486542812
Oslo,0,0.5276110194413344
Osmaniye,0,0.5276110194413344
Osorno,0,0.5276110194413344
Ostrava,1,0.7908853534303033
Oswego,3,0.2057576413123365
Ottawa,3,0.2057576413123365
Ouagadougou,3,0.2057576413123365
Ouidah,2,0.7247725093685911
Oullins,4,0.23956608184802505
Outreau,0,0.5276110194413344
Overland Park,4,0.23956608184802505
Oviedo,0,0.5276110194413344
Owensboro,1,0.7908853534303033
Owerri,3,0.2057576413123365
Owo,5,0.7915588486542812
Oxford,0,0.5276110194413344
Oxnard,0,0.5276110194413344
Oyama,3,0.2057576413123365
Oyonnax,0,0.5276110194413344
Padang,1,0.7908853534303033
Paderborn,0,0.5276110194413344
Paisley,3,0.2057576413123365
Paita,2,0.7247725093685911
Palaiseau,5,0.7915588486542812
Palembang,0,0.5276110194413344
Palencia,3,0.2057576413123365
Palermo,0,0.5276110194413344
Palm Coast,4,0.23956608184802505
Palma Soriano,0,0.5276110194413344
Palma de Mallorca,1,0.7908853534303033
Palmares,5,0.7915588486542812
Palmerston,0,0.5276110194413344
Palmerston North,1,0.7908853534303033
Palmira,4,0.23956608184802505
Palo Negro,3,0.2057576413123365
Palu,3,0.2057576413123365
Pamiers,3,0.2057576413123365
Pamplona,0,0.5276110194413344
Panama City,0,0.5276110194413344
Panevezys,0,0.5276110194413344
Panihati,3,0.2057576413123365
Panipat,1,0.7908853534303033
Pantin,0,0.5276110194413344
Papakura,2,0.7247725093685911
Paracatu,1,0.7908853534303033
Paramaribo,3,0.2057576413123365
Paranaguá,5,0.7915588486542812
Paraná,0,0.5276110194413344
Paraparaumu,4,0.23956608184802505
Parbhani,0,0.5276110194413344
Parintins,3,0.2057576413123365
Paris,0,0.5276110194413344
Parker,2,0.7247725093685911
Parla,4,0.23956608184802505
Parma,0,0.5276110194413344
Pasadena,0,0.5276110194413344
Pasco,2,0.7247725093685911
Pasig,5,0.7915588486542812
Passaic,4,0.23956608184802505
Passau,5,0.7915588486542812
Passo Fundo,0,0.5276110194413344
Passos,0,0.5276110194413344
Paterson,0,0.5276110194413344
Patiala,5,0.7915588486542812
Patna,3,0.2057576413123365
Pato Branco,2,0.7247725093685911
Pau,3,0.2057576413123365
Paulista,0,0.5276110194413344
Pavlodar,0,0.5276110194413344
Paysandú,2,0.7247725093685911
Paço do Lumiar,5,0.7915588486542812
Pearland,4,0.23956608184802505
Pekalongan,0,0.5276110194413344
Pekanbaru,0,0.5276110194413344
Pekín,0,0.5276110194413344
Pelotas,5,0.7915588486542812
Pematangsiantar,0,0.5276110194413344
Pemba,4,0.23956608184802505
Pembroke Pines,4,0.23956608184802505
Penedo,1,0.7908853534303033
Peoria,0,0.5276110194413344
Pereira,1,0.7908853534303033
Perpignan,0,0.5276110194413344
Perth,0,0.5276110194413344
Perth Amboy,5,0.7915588486542812
Pertuis,3,0.2057576413123365
Perugia,0,0.5276110194413344
Pesaro,3,0.2057576413123365
Pescara,0,0.5276110194413344
Peshawar,0,0.5276110194413344
Pessac,5,0.7915588486542812
Pestovo,2,0.7247725093685911
Petapa,0,0.5276110194413344
Petare,4,0.23956608184802505
Peterborough,1,0.7908853534303033
Petrópolis,0,0.5276110194413344
Pforzheim,1,0.7908853534303033
Pharr,3,0.2057576413123365
Philadelphia,0,0.5276110194413344
Phoenix,0,0.5276110194413344
Phuntsholing,2,0.7247725093685911
Piatra-Neamt,5,0.7915588486542812
Piedecuesta,0,0.5276110194413344
Piedras Negras,0,0.5276110194413344
Pierrefitte-sur-Seine,3,0.2057576413123365
Pietermaritzburg,5,0.7915588486542812
Pila,1,0.7908853534303033
Pilar,0,0.5276110194413344
Pilsen,5,0.7915588486542812
Pimpri,0,0.5276110194413344
Pinar del Río,0,0.5276110194413344
Pindamonhangaba,1,0.7908853534303033
Pine Bluff,1,0.7908853534303033
Pingdingshan,1,0.7908853534303033
Pingxiang,0,0.5276110194413344
Pinheiro,1,0.7908853534303033
Pinsk,3,0.2057576413123365
Piotrkow Trybunalski,1,0.7908853534303033
Pirapora,1,0.7908853534303033
Pisa,0,0.5276110194413344
Pistoia,0,0.5276110194413344
Pitalito,3,0.2057576413123365
Pitesti,1,0.7908853534303033
Piura,4,0.23956608184802505
Plainfield,1,0.7908853534303033
Plaisir,5,0.7915588486542812
Plano,0,0.5276110194413344
Plantation,1,0.7908853534303033
Pleasant Grove,2,0.7247725093685911
Plock,4,0.23956608184802505
Ploemeur,2,0.7247725093685911
Ploiesti,5,0.7915588486542812
Plovdiv,5,0.7915588486542812
Plymouth,0,0.5276110194413344
Pocatello,0,0.5276110194413344
Podgorica,2,0.7247725093685911
Poissy,1,0.7908853534303033
Polatli,4,0.23956608184802505
Polatsk,3,0.2057576413123365
Poltava,0,0.5276110194413344
Pomezia,1,0.7908853534303033
Pomona,3,0.2057576413123365
Pompano Beach,0,0.5276110194413344
Ponferrada,0,0.5276110194413344
Pontault-Combault,5,0.7915588486542812
Ponte Nova,0,0.5276110194413344
Pontes e Lacerda,5,0.7915588486542812
Pontevedra,4,0.23956608184802505
Pontianak,0,0.5276110194413344
Pontivy,0,0.5276110194413344
Pontoise,1,0.7908853534303033
Poole,0,0.5276110194413344
Porirua,0,0.5276110194413344
Porlamar,4,0.23956608184802505
Port Arthur,5,0.7915588486542812
Port Elizabeth,3,0.2057576413123365
Port Harcourt,0,0.5276110194413344
Port Macquarie,3,0.2057576413123365
Port Moresby,0,0.5276110194413344
Port Said,2,0.7247725093685911
Port Saint Lucie,3,0.2057576413123365
Portage,2,0.7247725093685911
Portici,5,0.7915588486542812
Portland,0,0.5276110194413344
Portmore,0,0.5276110194413344
Porto,0,0.5276110194413344
Porto Alegre,3,0.2057576413123365
Porto-Novo,0,0.5276110194413344
Portoviejo,1,0.7908853534303033
Portsmouth,0,0.5276110194413344
Posadas,3,0.2057576413123365
Potchefstroom,5,0.7915588486542812
Potenza,5,0.7915588486542812
Potosí,0,0.5276110194413344
Potsdam,3,0.2057576413123365
Pouso Alegre,3,0.2057576413123365
Poza Rica de Hidalgo,0,0.5276110194413344
Poznan,2,0.7247725093685911
Pozzuoli,0,0.5276110194413344
Poços de Caldas,3,0.2057576413123365
Praga,0,0.5276110194413344
Praia Grande,4,0.23956608184802505
Prato,2,0.7247725093685911
Presidencia Roque Sáenz Peña,0,0.5276110194413344
Presidente Dutra,0,0.5276110194413344
Presidente Prudente,0,0.5276110194413344
Preston,4,0.23956608184802505
Pretoria,1,0.7908853534303033
Probolinggo,3,0.2057576413123365
Progreso,1,0.7908853534303033
Providence,0,0.5276110194413344
Provo,2,0.7247725093685911
Pucallpa,0,0.5276110194413344
Puducherry,0,0.5276110194413344
Puebla,0,0.5276110194413344
Pueblo,1,0.7908853534303033
Puente Alto,0,0.5276110194413344
Puerto La Cruz,0,0.5276110194413344
Puerto Montt,5,0.7915588486542812
Puerto Padre,0,0.5276110194413344
Puerto Vallarta,0,0.5276110194413344
Puertollano,5,0.7915588486542812
Pulheim,0,0.5276110194413344
Pune,0,0.5276110194413344
Puno,1,0.7908853534303033
Punta Arenas,5,0.7915588486542812
Purmerend,3,0.2057576413123365
Purwokerto,1,0.7908853534303033
Puteaux,0,0.5276110194413344
Puyang,1,0.7908853534303033
Qarshi,0,0.5276110194413344
Qazvín,1,0.7908853534303033
Qena,5,0.7915588486542812
Qidong,5,0.7915588486542812
Qingdao,0,0.5276110194413344
Qiqihar,1,0.7908853534303033
Qitaihe,1,0.7908853534303033
Qom,0,0.5276110194413344
Quanzhou,1,0.7908853534303033
Quartu Sant'Elena,2,0.7247725093685911
Quchan,0,0.5276110194413344
Queanbeyan,0,0.5276110194413344
Quebec,3,0.2057576413123365
Quelimane,0,0.5276110194413344
Querétaro,0,0.5276110194413344
Quetta,5,0.7915588486542812
Quetzaltenango,0,0.5276110194413344
Quevedo,1,0.7908853534303033
Quibdó,5,0.7915588486542812
Quimper,4,0.23956608184802505
Quincy,0,0.5276110194413344
Quito,0,0.5276110194413344
Quixadá,3,0.2057576413123365
Rabat,0,0.5276110194413344
Rach Gia,3,0.2057576413123365
Radom,5,0.7915588486542812
Rafsanjan,0,0.5276110194413344
Ragusa,3,0.2057576413123365
Raipur,0,0.5276110194413344
Rajkot,0,0.5276110194413344
Rajshahi,2,0.7247725093685911
Raleigh,0,0.5276110194413344
Ramat Aviv,2,0.7247725093685911
Ramat Gan,1,0.7908853534303033
Rambouillet,0,0.5276110194413344
Ramnicu Valcea,0,0.5276110194413344
Rancagua,0,0.5276110194413344
Ranchi,3,0.2057576413123365
Rancho Cucamonga,4,0.23956608184802505
Randers,3,0.2057576413123365
Randfontein,1,0.7908853534303033
Rangún,0,0.5276110194413344
Rapid City,5,0.7915588486542812
Ras al Khaymah,5,0.7915588486542812
Rasht,0,0.5276110194413344
Ratingen,0,0.5276110194413344
Ratlam,0,0.5276110194413344
Ravenna,0,0.5276110194413344
Rawalpindi,0,0.5276110194413344
Reading,0,0.5276110194413344
Recife,0,0.5276110194413344
Recklinghausen,0,0.5276110194413344
Redditch,0,0.5276110194413344
Redlands,0,0.5276110194413344
Redmond,0,0.5276110194413344
Redondo Beach,0,0.5276110194413344
Regensburg,0,0.5276110194413344
Reggio nell'Emilia,0,0.5276110194413344
Regina,5,0.7915588486542812
Registro,3,0.2057576413123365
Reims,5,0.7915588486542812
Remscheid,1,0.7908853534303033
Rennes,1,0.7908853534303033
Reno,5,0.7915588486542812
Renton,2,0.7247725093685911
Resende,2,0.7247725093685911
Resistencia,0,0.5276110194413344
Reus,1,0.7908853534303033
Reutlingen,1,0.7908853534303033
Revere,0,0.5276110194413344
Reynosa,0,0.5276110194413344
Rheine,5,0.7915588486542812
Rhondda,5,0.7915588486542812
Ribeirão Preto,0,0.5276110194413344
Richmond,5,0.7915588486542812
Richmond Hill,0,0.5276110194413344
Rijeka,5,0.7915588486542812
Rillieux-la-Pape,0,0.5276110194413344
Rimini,1,0.7908853534303033
Rio Branco,0,0.5276110194413344
Rio Grande,5,0.7915588486542812
Rio Rancho,1,0.7908853534303033
Ris-Orangis,5,0.7915588486542812
Rivera,1,0.7908853534303033
Riverside,0,0.5276110194413344
Rivne,3,0.2057576413123365
Riyadh,0,0.5276110194413344
Roanne,0,0.5276110194413344
Rochdale,0,0.5276110194413344
Rochefort,5,0.7915588486542812
Rochester,0,0.5276110194413344
Rockford,0,0.5276110194413344
Rockhampton,3,0.2057576413123365
Rockville,2,0.7247725093685911
Roeselare,5,0.7915588486542812
Rohtak,2,0.7247725093685911
Roissy-en-Brie,0,0.5276110194413344
Rolândia,2,0.7247725093685911
Roman,4,0.23956608184802505
Rome,0,0.5276110194413344
Ronchin,1,0.7908853534303033
Roodepoort,0,0.5276110194413344
Roosendaal,0,0.5276110194413344
Rosario,0,0.5276110194413344
Rosarito,1,0.7908853534303033
Rosenheim,0,0.5276110194413344
Roseville,3,0.2057576413123365
Rosny-sous-Bois,1,0.7908853534303033
Rostock,0,0.5276110194413344
Roswell,0,0.5276110194413344
Rotherham,3,0.2057576413123365
Rotorua,3,0.2057576413123365
Rotterdam,0,0.5276110194413344
Rottingdean,1,0.7908853534303033
Roubaix,0,0.5276110194413344
Rouen,0,0.5276110194413344
Round Rock,5,0.7915588486542812
Rovigo,0,0.5276110194413344
Royal Oak,4,0.23956608184802505
Rubí,1,0.7908853534303033
Ruda Slaska,1,0.7908853534303033
Rueil-Malmaison,5,0.7915588486542812
Rugby,0,0.5276110194413344
Runcorn,0,0.5276110194413344
Rustenburg,1,0.7908853534303033
Rybinsk,0,0.5276110194413344
Rybnik,1,0.7908853534303033
Río Bravo,2,0.7247725093685911
Saanich,0,0.5276110194413344
Sabadell,5,0.7915588486542812
Sabanalarga,3,0.2057576413123365
Sabzevar,5,0.7915588486542812
Sacramento,0,0.5276110194413344
Safi,4,0.23956608184802505
Saga,5,0.7915588486542812
Sagamihara,2,0.7247725093685911
Saginaw,0,0.5276110194413344
Sagunto,5,0.7915588486542812
Saharanpur,0,0.5276110194413344
Sahuayo de José María Morelos,4,0.23956608184802505
Saida,1,0.7908853534303033
Saint Charles,0,0.5276110194413344
Saint Cloud,4,0.23956608184802505
Saint Louis,4,0.23956608184802505
Saint Paul,5,0.7915588486542812
Saint Petersburg,0,0.5276110194413344
Saint-Avold,3,0.2057576413123365
Saint-Brieuc,3,0.2057576413123365
Saint-Chamond,1,0.7908853534303033
Saint-Cloud,4,0.23956608184802505
Saint-Cyr-sur-Loire,5,0.7915588486542812
Saint-Denis,0,0.5276110194413344
Saint-Dizier,3,0.2057576413123365
Saint-Genis-Laval,0,0.5276110194413344
Saint-Germain-en-Laye,1,0.7908853534303033
Saint-Gratien,2,0.7247725093685911
Saint-Herblain,5,0.7915588486542812
Saint-Jean-de-la-Ruelle,1,0.7908853534303033
Saint-Laurent,3,0.2057576413123365
Saint-Laurent-du-Var,1,0.7908853534303033
Saint-Louis,3,0.2057576413123365
Saint-Malo,0,0.5276110194413344
Saint-Michel-sur-Orge,0,0.5276110194413344
Saint-Nazaire,0,0.5276110194413344
Saint-Ouen,5,0.7915588486542812
Saint-Pol-sur-Mer,5,0.7915588486542812
Saint-Priest,5,0.7915588486542812
Saint-Quentin,3,0.2057576413123365
Sakai,4,0.23956608184802505
Sakaka,0,0.5276110194413344
Salamanca,1,0.7908853534303033
Salavat,1,0.7908853534303033
Sale,0,0.5276110194413344
Salem,0,0.5276110194413344
Salihli,3,0.2057576413123365
Salina Cruz,0,0.5276110194413344
Salinas,0,0.5276110194413344
Salon-de-Provence,3,0.2057576413123365
Salt Lake City,1,0.7908853534303033
Salta,1,0.7908853534303033
Saltillo,0,0.5276110194413344
Salvador,0,0.5276110194413344
Salzburgo,5,0.7915588486542812
Samarinda,0,0.5276110194413344
Samsun,0,0.5276110194413344
San Andrés Tuxtla,0,0.5276110194413344
San Angelo,0,0.5276110194413344
San Antonio,0,0.5276110194413344
San Bernardino,1,0.7908853534303033
San Bernardo,5,0.7915588486542812
San Clemente,1,0.7908853534303033
San Cristóbal,3,0.2057576413123365
San Cristóbal de Las Casas,1,0.7908853534303033
San Diego,0,0.5276110194413344
San Fernando,0,0.5276110194413344
San Fernando del Valle de Catamarca,4,0.23956608184802505
San Francisco,0,0.5276110194413344
San Francisco de Macorís,1,0.7908853534303033
San Francisco del Rincón,0,0.5276110194413344
San Gabriel,5,0.7915588486542812
San Galo,3,0.2057576413123365
San Ignacio,0,0.5276110194413344
San Jose,0,0.5276110194413344
San Jose del Monte,0,0.5276110194413344
San José de las Lajas,0,0.5276110194413344
San Juan,0,0.5276110194413344
San Juan de la Maguana,1,0.7908853534303033
San Juan del Río,5,0.7915588486542812
San Justo,0,0.5276110194413344
San Lorenzo,0,0.5276110194413344
San Luis,2,0.7247725093685911
San Luis Obispo,3,0.2057576413123365
San Luis Potosí,0,0.5276110194413344
San Luis Río Colorado,4,0.23956608184802505
San Marcos,4,0.23956608184802505
San Martín,4,0.23956608184802505
San Miguelito,0,0.5276110194413344
San Nicolás de los Arroyos,0,0.5276110194413344
San Pablo de las Salinas,4,0.23956608184802505
San Pedro,3,0.2057576413123365
San Pedro Sula,0,0.5276110194413344
San Pedro de Macorís,0,0.5276110194413344
San Salvador,0,0.5276110194413344
San Salvador de Jujuy,2,0.7247725093685911
San Sebastian,0,0.5276110194413344
Sanandaj,0,0.5276110194413344
Sanary-sur-Mer,1,0.7908853534303033
Sancti Spíritus,0,0.5276110194413344
Sandakan,0,0.5276110194413344
Sandnes,0,0.5276110194413344
Sandy Springs,2,0.7247725093685911
Sangli,5,0.7915588486542812
Sanliurfa,5,0.7915588486542812
Sanming,3,0.2057576413123365
Sannois,4,0.23956608184802505
Sant Boi de Llobregat,0,0.5276110194413344
Santa Ana,0,0.5276110194413344
Santa Barbara,2,0.7247725093685911
Santa Catarina,0,0.5276110194413344
Santa Clara,0,0.5276110194413344
Santa Cruz de Barahona,0,0.5276110194413344
Santa Cruz de la Sierra,0,0.5276110194413344
Santa Cruz do Sul,4,0.23956608184802505
Santa Fe,1,0.7908853534303033
Santa Helena,0,0.5276110194413344
Santa Marta,0,0.5276110194413344
Santa Rosa,0,0.5276110194413344
Santana de Parnaíba,0,0.5276110194413344
Santander,0,0.5276110194413344
Santarém,3,0.2057576413123365
Santiago de Chile,0,0.5276110194413344
Santiago de Compostela,3,0.2057576413123365
Santiago de Cuba,0,0.5276110194413344
Santiago de los Caballeros,0,0.5276110194413344
Santiago del Estero,1,0.7908853534303033
Santo André,0,0.5276110194413344
Santo Domingo,0,0.5276110194413344
Santo Domingo de los Colorados,2,0.7247725093685911
Santos,0,0.5276110194413344
Sanya,0,0.5276110194413344
Sapucaia do Sul,0,0.5276110194413344
Sarajevo,1,0.7908853534303033
Sarcelles,0,0.5276110194413344
Sargodha,1,0.7908853534303033
Sari,0,0.5276110194413344
Sarkand,4,0.23956608184802505
Sarreguemines,5,0.7915588486542812
Sartrouville,0,0.5276110194413344
Saskatoon,4,0.23956608184802505
Sassari,1,0.7908853534303033
Satna,0,0.5276110194413344
Satu Mare,1,0.7908853534303033
Saumur,3,0.2057576413123365
Saveh,4,0.23956608184802505
Savigny-le-Temple,2,0.7247725093685911
Savona,5,0.7915588486542812
Sceaux,3,0.2057576413123365
Schiedam,3,0.2057576413123365
Schiffweiler,5,0.7915588486542812
Schiltigheim,4,0.23956608184802505
Schwerin,0,0.5276110194413344
Scottsdale,1,0.7908853534303033
Seattle,0,0.5276110194413344
Segovia,0,0.5276110194413344
Semarang,0,0.5276110194413344
Senhor do Bonfim,1,0.7908853534303033
Senlis,3,0.2057576413123365
Seraing,5,0.7915588486542812
Seremban,1,0.7908853534303033
Seropédica,5,0.7915588486542812
Serra,1,0.7908853534303033
Sesto San Giovanni,0,0.5276110194413344
Settat,2,0.7247725093685911
Sevastopol,3,0.2057576413123365
Severodvinsk,2,0.7247725093685911
Seville,0,0.5276110194413344
Sevran,5,0.7915588486542812
Seúl,0,0.5276110194413344
Shagamu,4,0.23956608184802505
Shah Alam,1,0.7908853534303033
Shahreza,3,0.2057576413123365
Shahriar,5,0.7915588486542812
Shanghái,0,0.5276110194413344
Shangyu,1,0.7908853534303033
Shantou,0,0.5276110194413344
Shanwei,0,0.5276110194413344
Shaoxing,1,0.7908853534303033
Shashi,4,0.23956608184802505
Sheboygan,3,0.2057576413123365
Sheffield,0,0.5276110194413344
Shelton,1,0.7908853534303033
Shenyang,0,0.5276110194413344
Shenzhen,0,0.5276110194413344
Shihezi,0,0.5276110194413344
Shijiazhuang,0,0.5276110194413344
Shimonoseki,3,0.2057576413123365
Shinyanga,3,0.2057576413123365
Shiraz,4,0.23956608184802505
Shizuishan,4,0.23956608184802505
Shkoder,3,0.2057576413123365
Shouguang,0,0.5276110194413344
Shrewsbury,3,0.2057576413123365
Shuangcheng,3,0.2057576413123365
Shuangyashan,5,0.7915588486542812
Shulan,4,0.23956608184802505
Shushtar,0,0.5276110194413344
Sialkot,0,0.5276110194413344
Siauliai,3,0.2057576413123365
Sibiu,4,0.23956608184802505
Sidi Bel Abbes,3,0.2057576413123365
Sidi Qacem,0,0.5276110194413344
Siedlce,3,0.2057576413123365
Siegen,3,0.2057576413123365
Siena,2,0.7247725093685911
Sierra Vista,2,0.7247725093685911
Silao,1,0.7908853534303033
Silivri,4,0.23956608184802505
Simões Filho,1,0.7908853534303033
Sincan,0,0.5276110194413344
Sindelfingen,5,0.7915588486542812
Singapur,0,0.5276110194413344
Sinop,3,0.2057576413123365
Sioux Falls,0,0.5276110194413344
Sittard,5,0.7915588486542812
Sivas,0,0.5276110194413344
Six-Fours-les-Plages,0,0.5276110194413344
Skikda,5,0.7915588486542812
Skokie,0,0.5276110194413344
Sliven,3,0.2057576413123365
Slough,1,0.7908853534303033
Slupsk,2,0.7247725093685911
Smyrna,0,0.5276110194413344
Soacha,5,0.7915588486542812
Sobral,3,0.2057576413123365
Sofia,0,0.5276110194413344
Sohag,1,0.7908853534303033
Soissons,3,0.2057576413123365
Sokode,4,0.23956608184802505
Sokoto,1,0.7908853534303033
Solapur,0,0.5276110194413344
Soledad,0,0.5276110194413344
Soledad Díez Gutiérrez,0,0.5276110194413344
Solihull,0,0.5276110194413344
Solingen,0,0.5276110194413344
Solna,0,0.5276110194413344
Soma,2,0.7247725093685911
Sonderborg,4,0.23956608184802505
Sonipat,4,0.23956608184802505
Sonneberg,5,0.7915588486542812
Sonsonate,0,0.5276110194413344
Sorocaba,5,0.7915588486542812
Sosnowiec,5,0.7915588486542812
Sousa,4,0.23956608184802505
South Bend,3,0.2057576413123365
South Shields,5,0.7915588486542812
Southaven,5,0.7915588486542812
Southend-on-Sea,0,0.5276110194413344
Southport,5,0.7915588486542812
Soweto,0,0.5276110194413344
Soyapango,0,0.5276110194413344
Spanish Town,0,0.5276110194413344
Sparks,1,0.7908853534303033
Spijkenisse,0,0.5276110194413344
Split,0,0.5276110194413344
Spokane,5,0.7915588486542812
Springdale,2,0.7247725093685911
Springfield,0,0.5276110194413344
Srinagar,0,0.5276110194413344
St. Catharines,5,0.7915588486542812
Stafford,5,0.7915588486542812
Stakhanov,1,0.7908853534303033
Stanger,4,0.23956608184802505
Stara Zagora,4,0.23956608184802505
Stavanger,1,0.7908853534303033
Stellenbosch,4,0.23956608184802505
Sterling Heights,4,0.23956608184802505
Sterlitamak,0,0.5276110194413344
Stockport,3,0.2057576413123365
Stockton,2,0.7247725093685911
Stockton-on-Tees,0,0.5276110194413344
Stoke-on-Trent,0,0.5276110194413344
Stolberg,5,0.7915588486542812
Stourbridge,2,0.7247725093685911
Stralsund,3,0.2057576413123365
Strasbourg,0,0.5276110194413344
Stuttgart,0,0.5276110194413344
Sucre,1,0.7908853534303033
Sucy-en-Brie,5,0.7915588486542812
Suffolk,0,0.5276110194413344
Suihua,0,0.5276110194413344
Suining,1,0.7908853534303033
Sukabumi,2,0.7247725093685911
Sukkur,0,0.5276110194413344
Sumaré,1,0.7908853534303033
Sumy,1,0.7908853534303033
Sunbury,0,0.5276110194413344
Sunderland,0,0.5276110194413344
Sunnyvale,4,0.23956608184802505
Superior,0,0.5276110194413344
Surabaya,0,0.5276110194413344
Surakarta,4,0.23956608184802505
Surat,1,0.7908853534303033
Suresnes,1,0.7908853534303033
Surrey,0,0.5276110194413344
Surubim,0,0.5276110194413344
Suwon,0,0.5276110194413344
Suzhou,0,0.5276110194413344
Swansea,1,0.7908853534303033
Swindon,4,0.23956608184802505
Sydney,0,0.5276110194413344
Sylhet,5,0.7915588486542812
São Benedito,0,0.5276110194413344
São Bernardo do Campo,0,0.5276110194413344
São Gonçalo,0,0.5276110194413344
São José dos Campos,3,0.2057576413123365
São Leopoldo,1,0.7908853534303033
São Luís,0,0.5276110194413344
São Miguel dos Campos,0,0.5276110194413344
São Paulo,0,0.5276110194413344
São Pedro da Aldeia,5,0.7915588486542812
São Vicente,5,0.7915588486542812
Tabora,5,0.7915588486542812
Taboão da Serra,1,0.7908853534303033
Tabuk,0,0.5276110194413344
Taipei,0,0.5276110194413344
Taiping,0,0.5276110194413344
Taixing,2,0.7247725093685911
Taiyuan,1,0.7908853534303033
Taizhou,5,0.7915588486542812
Taizz,0,0.5276110194413344
Takamatsu,0,0.5276110194413344
Takatsuki,4,0.23956608184802505
Talavera de la Reina,0,0.5276110194413344
Talcahuano,5,0.7915588486542812
Taldyqorghan,0,0.5276110194413344
Talence,2,0.7247725093685911
Tallaght,2,0.7247725093685911
Tallahassee,0,0.5276110194413344
Tallinn,5,0.7915588486542812
Tamale,3,0.2057576413123365
Tamarac,5,0.7915588486542812
Tampa,0,0.5276110194413344
Tampico,0,0.5276110194413344
Tamworth,0,0.5276110194413344
Tangerang,0,0.5276110194413344
Tanggu,1,0.7908853534303033
Tangier,0,0.5276110194413344
Tangshan,5,0.7915588486542812
Tanta,2,0.7247725093685911
Tapachula,1,0.7908853534303033
Taranto,5,0.7915588486542812
Taraz,5,0.7915588486542812
Tarbes,0,0.5276110194413344
Targu Jiu,1,0.7908853534303033
Targu Mures,1,0.7908853534303033
Tarnow,3,0.2057576413123365
Tarragona,0,0.5276110194413344
Tarsus,2,0.7247725093685911
Tartagal,0,0.5276110194413344
Tasikmalaya,0,0.5276110194413344
Tatuí,4,0.23956608184802505
Taubaté,0,0.5276110194413344
Taunton,2,0.7247725093685911
Taupo,2,0.7247725093685911
Tauranga,1,0.7908853534303033
Taverny,3,0.2057576413123365
Tawau,1,0.7908853534303033
Taylor,0,0.5276110194413344
Taytay,1,0.7908853534303033
Taza,3,0.2057576413123365
Tecomán,5,0.7915588486542812
Tegal,4,0.23956608184802505
Tegucigalpa,0,0.5276110194413344
Teherán,0,0.5276110194413344
Tehuacán,0,0.5276110194413344
Tekirdag,0,0.5276110194413344
Tel Aviv,3,0.2057576413123365
Tembisa,1,0.7908853534303033
Temecula,3,0.2057576413123365
Temirtau,1,0.7908853534303033
Temixco,0,0.5276110194413344
Tempe,2,0.7247725093685911
Tengzhou,3,0.2057576413123365
Tepic,0,0.5276110194413344
Teresina,0,0.5276110194413344
Teresópolis,0,0.5276110194413344
Termez,1,0.7908853534303033
Ternópil,0,0.5276110194413344
Tete,1,0.7908853534303033
Tetouan,3,0.2057576413123365
Texas City,4,0.23956608184802505
Teziutlán,1,0.7908853534303033
Thane,0,0.5276110194413344
Thanjavur,2,0.7247725093685911
The Colony,4,0.23956608184802505
The Hague,0,0.5276110194413344
Thiais,0,0.5276110194413344
Thies Nones,0,0.5276110194413344
Thika,2,0.7247725093685911
Thionville,4,0.23956608184802505
Thiruvananthapuram,0,0.5276110194413344
Thonon-les-Bains,3,0.2057576413123365
Thornton,5,0.7915588486542812
Thousand Oaks,3,0.2057576413123365
Tianguá,1,0.7908853534303033
Tianjin,0,0.5276110194413344
Tieling,1,0.7908853534303033
Tiflis,1,0.7908853534303033
Tigard,2,0.7247725093685911
Tijuana,0,0.5276110194413344
Tilburg,0,0.5276110194413344
Timaru,1,0.7908853534303033
Timisoara,1,0.7908853534303033
Tinaquillo,5,0.7915588486542812
Tipitapa,0,0.5276110194413344
Tiruchchirappalli,2,0.7247725093685911
Tirunelveli,0,0.5276110194413344
Tirupati,3,0.2057576413123365
Tiruppur,1,0.7908853534303033
Tivoli,4,0.23956608184802505
Tlalnepantla,0,0.5276110194413344
Tlalpan,0,0.5276110194413344
Tlaquepaque,0,0.5276110194413344
Tlemcen,2,0.7247725093685911
Toamasina,5,0.7915588486542812
Tokat,5,0.7915588486542812
Tokio,0,0.5276110194413344
Toledo,5,0.7915588486542812
Toluca,0,0.5276110194413344
Tongchuan,0,0.5276110194413344
Tongi,3,0.2057576413123365
Toowoomba,0,0.5276110194413344
Torcy,0,0.5276110194413344
Toronto,5,0.7915588486542812
Torquay,5,0.7915588486542812
Torrance,5,0.7915588486542812
Torre del Greco,0,0.5276110194413344
Torremolinos,2,0.7247725093685911
Torrevieja,3,0.2057576413123365
Torreón,0,0.5276110194413344
Toul,5,0.7915588486542812
Toulon,5,0.7915588486542812
Toulouse,0,0.5276110194413344
Tourcoing,0,0.5276110194413344
Tournai,0,0.5276110194413344
Tournefeuille,0,0.5276110194413344
Tours,0,0.5276110194413344
Townsville,0,0.5276110194413344
Toyohashi,0,0.5276110194413344
Trapani,0,0.5276110194413344
Trappes,2,0.7247725093685911
Traralgon,0,0.5276110194413344
Trebisonda,0,0.5276110194413344
Tremblay-en-France,0,0.5276110194413344
Trento,0,0.5276110194413344
Trenton,4,0.23956608184802505
Treviglio,5,0.7915588486542812
Treviso,0,0.5276110194413344
Trier,0,0.5276110194413344
Trieste,0,0.5276110194413344
Trinidad,0,0.5276110194413344
Tripoli,3,0.2057576413123365
Troisdorf,5,0.7915588486542812
Troy,1,0.7908853534303033
Troyes,0,0.5276110194413344
Trujillo,1,0.7908853534303033
Tucson,0,0.5276110194413344
Tulancingo,3,0.2057576413123365
Tulle,3,0.2057576413123365
Tulsa,0,0.5276110194413344
Tupã,2,0.7247725093685911
Turgutlu,5,0.7915588486542812
Turin,0,0.5276110194413344
Turkmenabat,1,0.7908853534303033
Turku,0,0.5276110194413344
Turmero,0,0.5276110194413344
Tuscaloosa,3,0.2057576413123365
Tuxtla Gutiérrez,0,0.5276110194413344
Twin Falls,2,0.7247725093685911
Tychy,3,0.2057576413123365
Tyler,2,0.7247725093685911
Túnez,1,0.7908853534303033
Ube,3,0.2057576413123365
Uberaba,1,0.7908853534303033
Uberlândia,5,0.7915588486542812
Udaipur,5,0.7915588486542812
Ufa,0,0.5276110194413344
Ugep,0,0.5276110194413344
Uithoorn,1,0.7908853534303033
Ujjain,1,0.7908853534303033
Ulan Bator,0,0.5276110194413344
Ulhasnagar,2,0.7247725093685911
Ulm,0,0.5276110194413344
Ulsan,4,0.23956608184802505
Ulundi,2,0.7247725093685911
Uman,1,0.7908853534303033
Umraniye,5,0.7915588486542812
Umtata,1,0.7908853534303033
Umuarama,3,0.2057576413123365
Unna,1,0.7908853534303033
Upper Hutt,4,0.23956608184802505
Upsala,0,0.5276110194413344
Urbandale,5,0.7915588486542812
Uruguaiana,0,0.5276110194413344
Uskudar,0,0.5276110194413344
Usol'ye-Sibirskoye,2,0.7247725093685911
Utica,1,0.7908853534303033
Utrecht,0,0.5276110194413344
Uvarovo,0,0.5276110194413344
Uvinza,0,0.5276110194413344
Uvira,1,0.7908853534303033
Vacaria,1,0.7908853534303033
Vadodara,1,0.7908853534303033
Valdemoro,2,0.7247725093685911
Valence,3,0.2057576413123365
Valencia,0,0.5276110194413344
Valenciennes,1,0.7908853534303033
Valenzuela,5,0.7915588486542812
Valinhos,5,0.7915588486542812
Valladolid,0,0.5276110194413344
Vallauris,5,0.7915588486542812
Valle Hermoso,3,0.2057576413123365
Valle de La Pascua,5,0.7915588486542812
Valledupar,3,0.2057576413123365
Vallejo,5,0.7915588486542812
Valles,0,0.5276110194413344
Valparaíso,0,0.5276110194413344
Valparaíso de Goiás,2,0.7247725093685911
Van,1,0.7908853534303033
Vanadzor,1,0.7908853534303033
Vancouver,0,0.5276110194413344
Vannes,0,0.5276110194413344
Vantaa,5,0.7915588486542812
Vanves,1,0.7908853534303033
Varamin,2,0.7247725093685911
Varanasi,5,0.7915588486542812
Varna,1,0.7908853534303033
Vassouras,0,0.5276110194413344
Vaughan,3,0.2057576413123365
Vaulx-en-Velin,4,0.23956608184802505
Veenendaal,1,0.7908853534303033
Velbert,0,0.5276110194413344
Velletri,0,0.5276110194413344
Velsen,0,0.5276110194413344
Vence,4,0.23956608184802505
Venice,0,0.5276110194413344
Venlo,3,0.2057576413123365
Veracruz,3,0.2057576413123365
Verdun,2,0.7247725093685911
Vernon,5,0.7915588486542812
Verona,0,0.5276110194413344
Versailles,5,0.7915588486542812
Vertou,3,0.2057576413123365
Verviers,4,0.23956608184802505
Vesoul,2,0.7247725093685911
Vespasiano,4,0.23956608184802505
Vicenza,5,0.7915588486542812
Vichy,0,0.5276110194413344
Victoria,0,0.5276110194413344
Viena,0,0.5276110194413344
Vientiane,5,0.7915588486542812
Viersen,5,0.7915588486542812
Vigevano,1,0.7908853534303033
Vignola,4,0.23956608184802505
Vigo,0,0.5276110194413344
Vijayawada,0,0.5276110194413344
Vila Nova de Gaia,5,0.7915588486542812
Villa Alemana,3,0.2057576413123365
Villa Canales,0,0.5276110194413344
Villa Frontera,0,0.5276110194413344
Villa Nueva,0,0.5276110194413344
Villach,1,0.7908853534303033
Villahermosa,0,0.5276110194413344
Villefontaine,1,0.7908853534303033
Villejuif,0,0.5276110194413344
Villemomble,0,0.5276110194413344
Villenave-d'Ornon,0,0.5276110194413344
Villeneuve-d'Ascq,0,0.5276110194413344
Villeneuve-la-Garenne,5,0.7915588486542812
Villeneuve-le-Roi,1,0.7908853534303033
Villeneuve-sur-Lot,5,0.7915588486542812
Villeparisis,0,0.5276110194413344
Villeurbanne,1,0.7908853534303033
Villiers-le-Bel,5,0.7915588486542812
Villiers-sur-Marne,5,0.7915588486542812
Villingen-Schwenningen,5,0.7915588486542812
Vilna,0,0.5276110194413344
Vincennes,0,0.5276110194413344
Vineland,5,0.7915588486542812
Viransehir,0,0.5276110194413344
Virginia Beach,0,0.5276110194413344
Viroflay,0,0.5276110194413344
Visakhapatnam,0,0.5276110194413344
Visalia,3,0.2057576413123365
Viterbo,5,0.7915588486542812
Vitoria,0,0.5276110194413344
Vitrolles,0,0.5276110194413344
Vitry-sur-Seine,5,0.7915588486542812
Vittoria,4,0.23956608184802505
Vitória,1,0.7908853534303033
Vitória da Conquista,0,0.5276110194413344
Vitória de Santo Antão,1,0.7908853534303033
Viña del Mar,1,0.7908853534303033
Vlaardingen,5,0.7915588486542812
Vladímir,1,0.7908853534303033
Vlore,1,0.7908853534303033
Vorónezh,1,0.7908853534303033
Votuporanga,1,0.7908853534303033
Vryburg,4,0.23956608184802505
Várzea Grande,5,0.7915588486542812
Vínnytsia,0,0.5276110194413344
Waco,5,0.7915588486542812
Wad Madani,0,0.5276110194413344
Wadi as Sir,0,0.5276110194413344
Wafangdian,0,0.5276110194413344
Wagga Wagga,0,0.5276110194413344
Waiblingen,2,0.7247725093685911
Waitakere,1,0.7908853534303033
Wakefield,0,0.5276110194413344
Wallasey,0,0.5276110194413344
Walsall,2,0.7247725093685911
Warangal,0,0.5276110194413344
Warri,5,0.7915588486542812
Warrington,0,0.5276110194413344
Warrnambool,1,0.7908853534303033
Warsaw,0,0.5276110194413344
Warwick,5,0.7915588486542812
Washington,0,0.5276110194413344
Wasquehal,0,0.5276110194413344
Waterbury,0,0.5276110194413344
Waterloo,2,0.7247725093685911
Waterlooville,0,0.5276110194413344
Watertown,3,0.2057576413123365
Watford,0,0.5276110194413344
Wattrelos,0,0.5276110194413344
Wausau,1,0.7908853534303033
Waynesboro,4,0.23956608184802505
Weifang,0,0.5276110194413344
Weihai,1,0.7908853534303033
Weimar,1,0.7908853534303033
Wellington,0,0.5276110194413344
Wels,1,0.7908853534303033
Wenling,4,0.23956608184802505
Wenzhou,1,0.7908853534303033
West Allis,1,0.7908853534303033
West Bromwich,0,0.5276110194413344
West Jordan,0,0.5276110194413344
West Palm Beach,1,0.7908853534303033
Westfield,1,0.7908853534303033
Westland,4,0.23956608184802505
Westminster,0,0.5276110194413344
Weston-super-Mare,5,0.7915588486542812
Westonaria,2,0.7247725093685911
Wetter (Ruhr),1,0.7908853534303033
Wetzlar,3,0.2057576413123365
Whangarei,4,0.23956608184802505
Wheeling,3,0.2057576413123365
Whitby,3,0.2057576413123365
Whyalla,0,0.5276110194413344
Wichita,0,0.5276110194413344
Widnes,5,0.7915588486542812
Wiesbaden,5,0.7915588486542812
Wigan,0,0.5276110194413344
Wilhelmshaven,5,0.7915588486542812
Wilmington,0,0.5276110194413344
Wilson,4,0.23956608184802505
Windhoek,0,0.5276110194413344
Windsor,0,0.5276110194413344
Winnipeg,0,0.5276110194413344
Winterthur,3,0.2057576413123365
Witten,2,0.7247725093685911
Wodonga,3,0.2057576413123365
Woking,5,0.7915588486542812
Wolfsburg,5,0.7915588486542812
Wollongong,0,0.5276110194413344
Wolverhampton,0,0.5276110194413344
Woodbury,2,0.7247725093685911
Woodland,2,0.7247725093685911
Woodstock,1,0.7908853534303033
Woonsocket,0,0.5276110194413344
Worcester,0,0.5276110194413344
Worms,0,0.5276110194413344
Worthing,1,0.7908853534303033
Wuchang,1,0.7908853534303033
Wuchuan,0,0.5276110194413344
Wuhai,1,0.7908853534303033
Wuhan,0,0.5276110194413344
Wuppertal,0,0.5276110194413344
Wuxi,0,0.5276110194413344
Xi'an,0,0.5276110194413344
Xiamen,0,0.5276110194413344
Xiangfan,3,0.2057576413123365
Xiangtan,5,0.7915588486542812
Xianning,5,0.7915588486542812
Xianyang,0,0.5276110194413344
Xiaogan,3,0.2057576413123365
Xichang,0,0.5276110194413344
Xinghua,0,0.5276110194413344
Xingtai,2,0.7247725093685911
Xining,3,0.2057576413123365
Xinshi,0,0.5276110194413344
Xintai,0,0.5276110194413344
Xinxiang,0,0.5276110194413344
Xinyi,1,0.7908853534303033
Xinzhou,0,0.5276110194413344
Xuanhua,3,0.2057576413123365
Xuzhou,0,0.5276110194413344
Yacuiba,2,0.7247725093685911
Yakarta,0,0.5276110194413344
Yalova,2,0.7247725093685911
Yamoussoukro,2,0.7247725093685911
Yanbu al Bahr,5,0.7915588486542812
Yancheng,0,0.5276110194413344
Yangzhou,5,0.7915588486542812
Yantai,3,0.2057576413123365
Yaounde,0,0.5276110194413344
Yaritagua,0,0.5276110194413344
Yaroslavl,5,0.7915588486542812
Yazd,0,0.5276110194413344
Yerres,4,0.23956608184802505
Yibin,3,0.2057576413123365
Yibuti,1,0.7908853534303033
Yicheng,3,0.2057576413123365
Yichun,2,0.7247725093685911
Yingcheng,4,0.23956608184802505
Yiwu,5,0.7915588486542812
Yogyakarta,0,0.5276110194413344
Yokkaichi,0,0.5276110194413344
Yonkers,0,0.5276110194413344
Yopal,5,0.7915588486542812
York,0,0.5276110194413344
Yuci,1,0.7908853534303033
Yueyang,0,0.5276110194413344
Yuma,0,0.5276110194413344
Yunyang,5,0.7915588486542812
Zaanstad,0,0.5276110194413344
Zabol,5,0.7915588486542812
Zabrze,3,0.2057576413123365
Zacatecas,3,0.2057576413123365
Zagreb,0,0.5276110194413344
Zahedan,0,0.5276110194413344
Zamora,1,0.7908853534303033
Zanyán,0,0.5276110194413344
Zapopan,0,0.5276110194413344
Zaporiyia,4,0.23956608184802505
Zaria,5,0.7915588486542812
Zeist,3,0.2057576413123365
Zhangjiakou,1,0.7908853534303033
Zhangzhou,1,0.7908853534303033
Zhanjiang,4,0.23956608184802505
Zhaoyuan,5,0.7915588486542812
Zhengzhou,0,0.5276110194413344
Zhenjiang,4,0.23956608184802505
Zhlobin,5,0.7915588486542812
Zhongxiang,1,0.7908853534303033
Zhoukou,2,0.7247725093685911
Zhuhai,0,0.5276110194413344
Zhumadian,4,0.23956608184802505
Zhytómyr,0,0.5276110194413344
Zigong,4,0.23956608184802505
Zihuatanejo,1,0.7908853534303033
Zilina,1,0.7908853534303033
Zinder,4,0.23956608184802505
Zlatoust,5,0.7915588486542812
Zunyi,2,0.7247725093685911
Zurich,0,0.5276110194413344
Zwickau,0,0.5276110194413344
Zwolle,2,0.7247725093685911
eMbalenhle,0,0.5276110194413344
Águas Lindas de Goiás,5,0.7915588486542812
Çanakkale,1,0.7908853534303033
Ústí nad Labem,1,0.7908853534303033
